s_no,monument,asi_circle,period,year_index,covid_year,recovery_year,post_covid,lag_1_total,lag_2_total,lag_3_total,lag_2_was_missing,lag_3_was_missing,rolling_mean_2,rolling_mean_3,previous_growth_rate,recent_trend,lag_1_domestic_share,n_prior_obs,log_lag_1,target_total,baseline_pred
89,"Aga Khan Palace Building, Pune",Mumbai,2020-21,1,1,0,0,229203.0,229203.0,229203.0,1,1,229203.0,229203.0,0.0,0.0,0.9595816808680515,1,12.342367715677417,19018.0,229203.0
89,"Aga Khan Palace Building, Pune",Mumbai,2021-22,2,0,1,0,19018.0,229203.0,229203.0,0,1,124110.5,124110.5,-0.9170255188631912,-0.9170255188631912,0.9971080029445788,2,9.85319375848166,41347.0,19018.0
89,"Aga Khan Palace Building, Pune",Mumbai,2022-23,3,0,0,1,41347.0,19018.0,229203.0,0,0,30182.5,96522.66666666667,1.174098222736355,1.174098222736355,0.9952354463443539,3,10.629779331688376,190528.0,41347.0
89,"Aga Khan Palace Building, Pune",Mumbai,2023-24,4,0,0,1,190528.0,41347.0,19018.0,0,0,115937.5,83631.0,3.608024766004789,3.608024766004789,0.9836192055760833,3,12.157559692934063,253158.0,190528.0
89,"Aga Khan Palace Building, Pune",Mumbai,2024-25,5,0,0,1,253158.0,190528.0,41347.0,0,0,221843.0,161677.66666666666,0.32871808867987906,0.32871808867987906,0.9856018770886166,3,12.441773028810339,218229.0,253158.0
56,"Ibrahim Rauza, Vijayapura",Dharwad,2020-21,1,1,0,0,156855.0,156855.0,156855.0,1,1,156855.0,156855.0,0.0,0.0,0.9917758439322941,1,11.963083465995258,57771.0,156855.0
56,"Ibrahim Rauza, Vijayapura",Dharwad,2021-22,2,0,1,0,57771.0,156855.0,156855.0,0,1,107313.0,107313.0,-0.6316916897771827,-0.6316916897771827,0.9997922833255439,2,10.964259508221057,102114.0,57771.0
56,"Ibrahim Rauza, Vijayapura",Dharwad,2022-23,3,0,0,1,102114.0,57771.0,156855.0,0,0,79942.5,105580.0,0.7675650412836891,0.7675650412836891,0.9998041404704546,3,11.533854908151259,187755.0,102114.0
56,"Ibrahim Rauza, Vijayapura",Dharwad,2023-24,4,0,0,1,187755.0,102114.0,57771.0,0,0,144934.5,115880.0,0.838680298489923,0.838680298489923,0.9965699981358686,3,12.1428985265059,218231.0,187755.0
56,"Ibrahim Rauza, Vijayapura",Dharwad,2024-25,5,0,0,1,218231.0,187755.0,102114.0,0,0,202993.0,169366.66666666666,0.1623179143032143,0.1623179143032143,0.9949823810549372,3,12.29331399607386,189456.0,218231.0
6,Itimad-ud- Daulah Tomb,Agra,2020-21,1,1,0,0,215492.0,215492.0,215492.0,1,1,215492.0,215492.0,0.0,0.0,0.6162641768603939,1,12.28068370539976,41426.0,215492.0
6,Itimad-ud- Daulah Tomb,Agra,2021-22,2,0,1,0,41426.0,215492.0,215492.0,0,1,128459.0,128459.0,-0.8077608449501605,-0.8077608449501605,0.990102833969005,2,10.631688121153461,92638.0,41426.0
6,Itimad-ud- Daulah Tomb,Agra,2022-23,3,0,0,1,92638.0,41426.0,215492.0,0,0,67032.0,116518.66666666667,1.2362284555593106,1.2362284555593106,0.9791986010060666,3,11.436465498275332,196885.0,92638.0
6,Itimad-ud- Daulah Tomb,Agra,2023-24,4,0,0,1,196885.0,92638.0,41426.0,0,0,144761.5,110316.33333333333,1.1253157451585742,1.1253157451585742,0.7745384361429261,3,12.19038016001707,270363.0,196885.0
6,Itimad-ud- Daulah Tomb,Agra,2024-25,5,0,0,1,270363.0,196885.0,92638.0,0,0,233624.0,186628.66666666666,0.37320263097747414,0.37320263097747414,0.688100812611193,3,12.507524478192876,275649.0,270363.0
82,Tomb of Rabia Dura ni (Bibi Ka Maqbara),Aurangabad,2020-21,1,1,0,0,1121308.0,1121308.0,1121308.0,1,1,1121308.0,1121308.0,0.0,0.0,0.9915009970498739,1,13.930007310814691,203891.0,1121308.0
82,Tomb of Rabia Dura ni (Bibi Ka Maqbara),Aurangabad,2021-22,2,0,1,0,203891.0,1121308.0,1121308.0,0,1,662599.5,662599.5,-0.8181668194644112,-0.8181668194644112,0.9995095418630543,2,12.22534572087376,397910.0,203891.0
82,Tomb of Rabia Dura ni (Bibi Ka Maqbara),Aurangabad,2022-23,3,0,0,1,397910.0,203891.0,1121308.0,0,0,300900.5,574369.6666666666,0.9515819727207184,0.9515819727207184,0.9986529617250132,3,12.89398364116987,1188869.0,397910.0
82,Tomb of Rabia Dura ni (Bibi Ka Maqbara),Aurangabad,2023-24,4,0,0,1,1188869.0,397910.0,203891.0,0,0,793389.5,596890.0,1.987783669674047,1.987783669674047,0.9952845940133017,3,13.988513834119235,1304682.0,1188869.0
82,Tomb of Rabia Dura ni (Bibi Ka Maqbara),Aurangabad,2024-25,5,0,0,1,1304682.0,1188869.0,397910.0,0,0,1246775.5,963820.3333333334,0.09741443338164256,0.09741443338164256,0.9926372863272429,3,14.081470657353668,2015147.0,1304682.0
76,Ancient Remains on both Udaigiri & Khandagiri Hills,Bhubaneswar,2020-21,1,1,0,0,313604.0,313604.0,313604.0,1,1,313604.0,313604.0,0.0,0.0,0.9920632389892986,1,12.655889511208839,73784.0,313604.0
76,Ancient Remains on both Udaigiri & Khandagiri Hills,Bhubaneswar,2021-22,2,0,1,0,73784.0,313604.0,313604.0,0,1,193694.0,193694.0,-0.7647223887450415,-0.7647223887450415,0.9992274747912827,2,11.20891073789755,98873.0,73784.0
76,Ancient Remains on both Udaigiri & Khandagiri Hills,Bhubaneswar,2022-23,3,0,0,1,98873.0,73784.0,313604.0,0,0,86328.5,162087.0,0.34003306950016265,0.34003306950016265,0.9987964358318246,3,11.501601591238785,470782.0,98873.0
76,Ancient Remains on both Udaigiri & Khandagiri Hills,Bhubaneswar,2023-24,4,0,0,1,470782.0,98873.0,73784.0,0,0,284827.5,214479.66666666666,3.761481901024547,3.761481901024547,0.9963380078252779,3,13.06215254496526,994013.0,470782.0
76,Ancient Remains on both Udaigiri & Khandagiri Hills,Bhubaneswar,2024-25,5,0,0,1,994013.0,470782.0,98873.0,0,0,732397.5,521222.6666666667,1.1114082526519706,1.1114082526519706,0.9972626112535752,3,13.809506570046567,1242595.0,994013.0
133,Ancient Site of Vikramshila,Patna,2021-22,2,0,1,0,27583.0,66009.0,66009.0,0,1,46796.0,46796.0,-0.5821327394749201,-0.5821327394749201,1.0,2,10.224991173463419,33322.0,27583.0
133,Ancient Site of Vikramshila,Patna,2022-23,3,0,0,1,33322.0,27583.0,66009.0,0,0,30452.5,42304.666666666664,0.20806293731646303,0.20806293731646303,1.0,3,10.414003128242186,75526.0,33322.0
133,Ancient Site of Vikramshila,Patna,2023-24,4,0,0,1,75526.0,33322.0,27583.0,0,0,54424.0,45477.0,1.2665506272132525,1.2665506272132525,0.9984773455498769,3,11.232245487201833,79828.0,75526.0
133,Ancient Site of Vikramshila,Patna,2024-25,5,0,0,1,79828.0,75526.0,33322.0,0,0,77677.0,62892.0,0.05696051690808463,0.05696051690808463,0.9926341634514205,3,11.28764212594232,98352.0,79828.0
123,"Ancient Site, Bhangarh",Jaipur,2020-21,1,1,0,0,192726.0,192726.0,192726.0,1,1,192726.0,192726.0,0.0,0.0,0.9901777653248653,1,12.169029958754484,54031.0,192726.0
123,"Ancient Site, Bhangarh",Jaipur,2021-22,2,0,1,0,54031.0,192726.0,192726.0,0,1,123378.5,123378.5,-0.7196486203210776,-0.7196486203210776,0.9984268290425866,2,10.897331742625349,147701.0,54031.0
123,"Ancient Site, Bhangarh",Jaipur,2022-23,3,0,0,1,147701.0,54031.0,192726.0,0,0,100866.0,131486.0,1.7336343950694972,1.7336343950694972,0.9989708939005152,3,11.902952009389201,185841.0,147701.0
123,"Ancient Site, Bhangarh",Jaipur,2023-24,4,0,0,1,185841.0,147701.0,54031.0,0,0,166771.0,129191.0,0.2582243857522969,0.2582243857522969,0.9921976313084842,3,12.132652129332142,268574.0,185841.0
123,"Ancient Site, Bhangarh",Jaipur,2024-25,5,0,0,1,268574.0,185841.0,147701.0,0,0,227207.5,200705.33333333334,0.44518163376219455,0.44518163376219455,0.9904123258394335,3,12.500885483534743,237030.0,268574.0
78,"The Hill Containing Many Valuable Sculptures and Images, Ratnagiri",Bhubaneswar,2020-21,1,1,0,0,35133.0,35133.0,35133.0,1,1,35133.0,35133.0,0.0,0.0,0.9837474738849514,1,10.466924601573329,20636.0,35133.0
78,"The Hill Containing Many Valuable Sculptures and Images, Ratnagiri",Bhubaneswar,2021-22,2,0,1,0,20636.0,35133.0,35133.0,0,1,27884.5,27884.5,-0.41263199840605697,-0.41263199840605697,0.9990308199263424,2,9.934840860194123,16348.0,20636.0
78,"The Hill Containing Many Valuable Sculptures and Images, Ratnagiri",Bhubaneswar,2022-23,3,0,0,1,16348.0,20636.0,35133.0,0,0,18492.0,24039.0,-0.2077922077922078,-0.2077922077922078,0.99804257401517,3,9.701922012375412,33035.0,16348.0
78,"The Hill Containing Many Valuable Sculptures and Images, Ratnagiri",Bhubaneswar,2023-24,4,0,0,1,33035.0,16348.0,20636.0,0,0,24691.5,23339.666666666668,1.0207364815267923,1.0207364815267923,0.9911306190404117,3,10.405353154930607,41377.0,33035.0
78,"The Hill Containing Many Valuable Sculptures and Images, Ratnagiri",Bhubaneswar,2024-25,5,0,0,1,41377.0,33035.0,16348.0,0,0,37206.0,30253.333333333332,0.2525200544876646,0.2525200544876646,0.9866109191096503,3,10.63050461760369,148500.0,41377.0
39,The Palace in the Fort Burhanpur,Bhopal,2020-21,1,1,0,0,47577.0,47577.0,47577.0,1,1,47577.0,47577.0,0.0,0.0,0.9942829518464804,1,10.770125748505212,13953.0,47577.0
39,The Palace in the Fort Burhanpur,Bhopal,2021-22,2,0,1,0,13953.0,47577.0,47577.0,0,1,30765.0,30765.0,-0.7067280408600795,-0.7067280408600795,0.9980649322726295,2,9.543521484499182,31360.0,13953.0
39,The Palace in the Fort Burhanpur,Bhopal,2022-23,3,0,0,1,31360.0,13953.0,47577.0,0,0,22656.5,30963.333333333332,1.247545330753243,1.247545330753243,0.9975765306122449,3,10.353320361711043,36973.0,31360.0
39,The Palace in the Fort Burhanpur,Bhopal,2023-24,4,0,0,1,36973.0,31360.0,13953.0,0,0,34166.5,27428.666666666668,0.1789859693877551,0.1789859693877551,0.9955372839639737,3,10.51797024191239,32857.0,36973.0
39,The Palace in the Fort Burhanpur,Bhopal,2024-25,5,0,0,1,32857.0,36973.0,31360.0,0,0,34915.0,33730.0,-0.11132448002596489,-0.11132448002596489,0.9914782238183645,3,10.399950525466283,33668.0,32857.0
29,"Tiger headed Rock cut temple & two other monuments, Saluvankuppam",Chennai,2020-21,1,1,0,0,44796.0,44796.0,44796.0,1,1,44796.0,44796.0,0.0,0.0,0.9762702026966693,1,10.709896451875155,59074.0,44796.0
29,"Tiger headed Rock cut temple & two other monuments, Saluvankuppam",Chennai,2021-22,2,0,1,0,59074.0,44796.0,44796.0,0,1,51935.0,51935.0,0.3187338155192428,0.3187338155192428,0.9853065646477299,2,10.986563102055108,81571.0,59074.0
29,"Tiger headed Rock cut temple & two other monuments, Saluvankuppam",Chennai,2022-23,3,0,0,1,81571.0,59074.0,44796.0,0,0,70322.5,61813.666666666664,0.3808274367742154,0.3808274367742154,0.9968371112282551,3,11.309241344812238,63779.0,81571.0
29,"Tiger headed Rock cut temple & two other monuments, Saluvankuppam",Chennai,2023-24,4,0,0,1,63779.0,81571.0,59074.0,0,0,72675.0,68141.33333333333,-0.21811673266234324,-0.21811673266234324,0.9841013499741295,3,11.063194940564049,51012.0,63779.0
29,"Tiger headed Rock cut temple & two other monuments, Saluvankuppam",Chennai,2024-25,5,0,0,1,51012.0,63779.0,81571.0,0,0,57395.5,65454.0,-0.2001756063908183,-0.2001756063908183,0.9782600172508429,3,10.839835781185261,44008.0,51012.0
36,Fort Museum Tirumayam,Thiruchirapalli,2020-21,1,1,0,0,300088.0,300088.0,300088.0,1,1,300088.0,300088.0,0.0,0.0,0.9824751406254165,1,12.61183437630815,43042.0,300088.0
36,Fort Museum Tirumayam,Thiruchirapalli,2021-22,2,0,1,0,43042.0,300088.0,300088.0,0,1,171565.0,171565.0,-0.8565687398363147,-0.8565687398363147,0.9638724966311975,2,10.669954895008782,62649.0,43042.0
36,Fort Museum Tirumayam,Thiruchirapalli,2022-23,3,0,0,1,62649.0,43042.0,300088.0,0,0,52845.5,135259.66666666666,0.4555318061428372,0.4555318061428372,0.9995690274385864,3,11.045318960324215,94546.0,62649.0
36,Fort Museum Tirumayam,Thiruchirapalli,2023-24,4,0,0,1,94546.0,62649.0,43042.0,0,0,78597.5,66745.66666666667,0.50913821449664,0.50913821449664,0.9924586973536691,3,11.456852344339435,93803.0,94546.0
36,Fort Museum Tirumayam,Thiruchirapalli,2024-25,5,0,0,1,93803.0,94546.0,62649.0,0,0,94174.5,83666.0,-0.007858608508027838,-0.007858608508027838,0.9926015159429868,3,11.448962778008331,91090.0,93803.0
25,Fort Palakkad,Thrissur,2020-21,1,1,0,0,174830.0,174830.0,174830.0,1,1,174830.0,174830.0,0.0,0.0,0.9986215180461019,1,12.071575072017469,43953.0,174830.0
25,Fort Palakkad,Thrissur,2021-22,2,0,1,0,43953.0,174830.0,174830.0,0,1,109391.5,109391.5,-0.7485957787565063,-0.7485957787565063,0.9994084590357882,2,10.690898911486157,96152.0,43953.0
25,Fort Palakkad,Thrissur,2022-23,3,0,0,1,96152.0,43953.0,174830.0,0,0,70052.5,104978.33333333333,1.1876094919573181,1.1876094919573181,0.9998959980031616,3,11.473695951778227,259064.0,96152.0
25,Fort Palakkad,Thrissur,2023-24,4,0,0,1,259064.0,96152.0,43953.0,0,0,177608.0,133056.33333333334,1.694317330892753,1.694317330892753,0.9990272673933854,3,12.46483427444613,295501.0,259064.0
25,Fort Palakkad,Thrissur,2024-25,5,0,0,1,295501.0,259064.0,96152.0,0,0,277282.5,216905.66666666666,0.14064864280641076,0.14064864280641076,0.9986125258459362,3,12.596430883994895,265524.0,295501.0
26,"Fort St. Angelo, Kannur",Thrissur,2020-21,1,1,0,0,237823.0,237823.0,237823.0,1,1,237823.0,237823.0,0.0,0.0,0.9861031102963128,1,12.3792861832934,65798.0,237823.0
26,"Fort St. Angelo, Kannur",Thrissur,2021-22,2,0,1,0,65798.0,237823.0,237823.0,0,1,151810.5,151810.5,-0.7233320578749742,-0.7233320578749742,0.9982522265114441,2,11.094359919629536,152602.0,65798.0
26,"Fort St. Angelo, Kannur",Thrissur,2022-23,3,0,0,1,152602.0,65798.0,237823.0,0,0,109200.0,152074.33333333334,1.3192498252226512,1.3192498252226512,0.9996133733502838,3,11.935595056879096,275005.0,152602.0
26,"Fort St. Angelo, Kannur",Thrissur,2023-24,4,0,0,1,275005.0,152602.0,65798.0,0,0,213803.5,164468.33333333334,0.8021061322918441,0.8021061322918441,0.9833748477300412,3,12.524548194592514,241200.0,275005.0
26,"Fort St. Angelo, Kannur",Thrissur,2024-25,5,0,0,1,241200.0,275005.0,152602.0,0,0,258102.5,222935.66666666666,-0.12292503772658679,-0.12292503772658679,0.9966086235489221,3,12.393385889763556,243969.0,241200.0
32,Moovarkoil Kodambalur,Thiruchirapalli,2020-21,1,1,0,0,19160.0,19160.0,19160.0,1,1,19160.0,19160.0,0.0,0.0,0.9975991649269311,1,9.860632242229698,1485.0,19160.0
32,Moovarkoil Kodambalur,Thiruchirapalli,2021-22,2,0,1,0,1485.0,19160.0,19160.0,0,1,10322.5,10322.5,-0.9224947807933194,-0.9224947807933194,0.9939393939393939,2,7.303843225277705,829.0,1485.0
32,Moovarkoil Kodambalur,Thiruchirapalli,2022-23,3,0,0,1,829.0,1485.0,19160.0,0,0,1157.0,7158.0,-0.4417508417508417,-0.4417508417508417,1.0,3,6.721425700790643,1878.0,829.0
32,Moovarkoil Kodambalur,Thiruchirapalli,2023-24,4,0,0,1,1878.0,829.0,1485.0,0,0,1353.5,1397.3333333333333,1.2653799758745476,1.2653799758745476,0.9978700745473909,3,7.538494999413465,2282.0,1878.0
32,Moovarkoil Kodambalur,Thiruchirapalli,2024-25,5,0,0,1,2282.0,1878.0,829.0,0,0,2080.0,1663.0,0.21512247071352503,0.21512247071352503,0.9978089395267309,3,7.733245646529795,2531.0,2282.0
143,Nagarjuna Konda,Amaravati,2020-21,1,1,0,0,19797.0,19797.0,19797.0,1,1,19797.0,19797.0,0.0,0.0,0.9982320553619235,1,9.893336201479753,0.0,19797.0
143,Nagarjuna Konda,Amaravati,2021-22,2,0,1,0,0.0,19797.0,19797.0,0,1,9898.5,9898.5,-1.0,-1.0,0.9962117835814244,2,0.0,2611.0,0.0
143,Nagarjuna Konda,Amaravati,2022-23,3,0,0,1,2611.0,0.0,19797.0,0,0,1305.5,7469.333333333333,0.0,2611.0,1.0,3,7.867871490396322,64970.0,2611.0
143,Nagarjuna Konda,Amaravati,2023-24,4,0,0,1,64970.0,2611.0,0.0,0,0,33790.5,22527.0,23.883186518575258,23.883186518575258,0.9941665384023396,3,11.08169629547538,47421.0,64970.0
143,Nagarjuna Konda,Amaravati,2024-25,5,0,0,1,47421.0,64970.0,2611.0,0,0,56195.5,38334.0,-0.2701092812067108,-0.2701092812067108,0.9904683579005082,3,10.766841535026922,59826.0,47421.0
35,"Natural Caven with Inscription Eladipattam, Sittannavasal",Thiruchirapalli,2020-21,1,1,0,0,24573.0,24573.0,24573.0,1,1,24573.0,24573.0,0.0,0.0,0.9737516786717129,1,10.109444252427517,2509.0,24573.0
35,"Natural Caven with Inscription Eladipattam, Sittannavasal",Thiruchirapalli,2021-22,2,0,1,0,2509.0,24573.0,24573.0,0,1,13541.0,13541.0,-0.8978960647865544,-0.8978960647865544,0.9924272618573137,2,7.828038032125829,22833.0,2509.0
35,"Natural Caven with Inscription Eladipattam, Sittannavasal",Thiruchirapalli,2022-23,3,0,0,1,22833.0,2509.0,24573.0,0,0,12671.0,16638.333333333332,8.100438421681945,8.100438421681945,0.9985547234266193,3,10.036005932236273,19756.0,22833.0
35,"Natural Caven with Inscription Eladipattam, Sittannavasal",Thiruchirapalli,2023-24,4,0,0,1,19756.0,22833.0,2509.0,0,0,21294.5,15032.666666666666,-0.13476109140279421,-0.13476109140279421,0.9974185057703988,3,9.891263137913406,20342.0,19756.0
35,"Natural Caven with Inscription Eladipattam, Sittannavasal",Thiruchirapalli,2024-25,5,0,0,1,20342.0,19756.0,22833.0,0,0,20049.0,20977.0,0.029661874873456166,0.029661874873456166,0.9986235375086029,3,9.920492151351953,16787.0,20342.0
4,Akbar Tomb Sikandra,Agra,2020-21,1,1,0,0,248895.0,248895.0,248895.0,1,1,248895.0,248895.0,0.0,0.0,0.9211514895839611,1,12.42479041751542,99830.0,248895.0
4,Akbar Tomb Sikandra,Agra,2021-22,2,0,1,0,99830.0,248895.0,248895.0,0,1,174362.5,174362.5,-0.5989071696900299,-0.5989071696900299,0.9967845337073025,2,11.51123403530925,188210.0,99830.0
4,Akbar Tomb Sikandra,Agra,2022-23,3,0,0,1,188210.0,99830.0,248895.0,0,0,144020.0,178978.33333333334,0.8853050185315036,0.8853050185315036,0.9945380160459062,3,12.145318952884457,276684.0,188210.0
4,Akbar Tomb Sikandra,Agra,2023-24,4,0,0,1,276684.0,188210.0,99830.0,0,0,232447.0,188241.33333333334,0.4700812921736358,0.4700812921736358,0.9668394269274696,3,12.53063495396948,215224.0,276684.0
4,Akbar Tomb Sikandra,Agra,2024-25,5,0,0,1,215224.0,276684.0,188210.0,0,0,245954.0,226706.0,-0.22213066169348428,-0.22213066169348428,0.926058432145114,3,12.279439271526156,234507.0,215224.0
141,Amaravati,Amaravati,2020-21,1,1,0,0,8323.0,8323.0,8323.0,1,1,8323.0,8323.0,0.0,0.0,0.9657575393487925,1,9.026898187513526,1864.0,8323.0
141,Amaravati,Amaravati,2021-22,2,0,1,0,1864.0,8323.0,8323.0,0,1,5093.5,5093.5,-0.7760422924426289,-0.7760422924426289,1.0,2,7.5310163320779155,3758.0,1864.0
141,Amaravati,Amaravati,2022-23,3,0,0,1,3758.0,1864.0,8323.0,0,0,2811.0,4648.333333333333,1.0160944206008584,1.0160944206008584,0.9954763171899946,3,8.231908243564177,5584.0,3758.0
141,Amaravati,Amaravati,2023-24,4,0,0,1,5584.0,3758.0,1864.0,0,0,4671.0,3735.3333333333335,0.48589675359233636,0.48589675359233636,1.0,3,8.6278397115033,6287.0,5584.0
141,Amaravati,Amaravati,2024-25,5,0,0,1,6287.0,5584.0,3758.0,0,0,5935.5,5209.666666666667,0.12589541547277938,0.12589541547277938,0.9831398123111181,3,8.746398334109042,8090.0,6287.0
49,"Ancient site and Adamgarh Rock Shelter, Kalamdi Rasuliya and Kishanpur",Bhopal,2020-21,1,1,0,0,23372.0,23372.0,23372.0,1,1,23372.0,23372.0,0.0,0.0,0.9992298476809858,1,10.059336788998968,16554.0,23372.0
49,"Ancient site and Adamgarh Rock Shelter, Kalamdi Rasuliya and Kishanpur",Bhopal,2021-22,2,0,1,0,16554.0,23372.0,23372.0,0,1,19963.0,19963.0,-0.29171658394660277,-0.29171658394660277,0.9995167331158632,2,9.714443449981347,18696.0,16554.0
49,"Ancient site and Adamgarh Rock Shelter, Kalamdi Rasuliya and Kishanpur",Bhopal,2022-23,3,0,0,1,18696.0,16554.0,23372.0,0,0,17625.0,19540.666666666668,0.1293947082276187,0.1293947082276187,0.9978070175438597,3,9.836118362165275,18019.0,18696.0
49,"Ancient site and Adamgarh Rock Shelter, Kalamdi Rasuliya and Kishanpur",Bhopal,2023-24,4,0,0,1,18019.0,18696.0,16554.0,0,0,18357.5,17756.333333333332,-0.03621095421480531,-0.03621095421480531,0.9968366724013541,3,9.799237531162328,20248.0,18019.0
49,"Ancient site and Adamgarh Rock Shelter, Kalamdi Rasuliya and Kishanpur",Bhopal,2024-25,5,0,0,1,20248.0,18019.0,18696.0,0,0,19133.5,18987.666666666668,0.12370275819967812,0.12370275819967812,1.0,3,9.915860688599269,21337.0,20248.0
131,"Ancient site of Vaishali, Kolhua",Patna,2021-22,2,0,1,0,49207.0,102593.0,102593.0,0,1,75900.0,75900.0,-0.5203668866296921,-0.5203668866296921,1.0,2,10.803811490888204,46123.0,49207.0
131,"Ancient site of Vaishali, Kolhua",Patna,2022-23,3,0,0,1,46123.0,49207.0,102593.0,0,0,47665.0,65974.33333333333,-0.06267400979535431,-0.06267400979535431,0.9993929276066171,3,10.739088700891006,118101.0,46123.0
131,"Ancient site of Vaishali, Kolhua",Patna,2023-24,4,0,0,1,118101.0,46123.0,49207.0,0,0,82112.0,71143.66666666667,1.5605663118183986,1.5605663118183986,0.9180955284036545,3,11.679303936843077,96686.0,118101.0
131,"Ancient site of Vaishali, Kolhua",Patna,2024-25,5,0,0,1,96686.0,118101.0,46123.0,0,0,107393.5,86970.0,-0.1813278465042633,-0.1813278465042633,0.7352046832012907,3,11.479234236002762,99084.0,96686.0
135,"Temple of Laxman and old sites including sculptures Sirpur Temple, Sirpur",Raipur,2021-22,2,0,1,0,44742.0,63855.0,63855.0,0,1,54298.5,54298.5,-0.29931876908621097,-0.29931876908621097,1.0,2,10.708690286886394,53050.0,44742.0
135,"Temple of Laxman and old sites including sculptures Sirpur Temple, Sirpur",Raipur,2022-23,3,0,0,1,53050.0,44742.0,63855.0,0,0,48896.0,53882.333333333336,0.18568682669527514,0.18568682669527514,0.999981149858624,3,10.879008994005844,62990.0,53050.0
135,"Temple of Laxman and old sites including sculptures Sirpur Temple, Sirpur",Raipur,2023-24,4,0,0,1,62990.0,53050.0,44742.0,0,0,58020.0,53594.0,0.18737040527803958,0.18737040527803958,0.9996983648198127,3,11.05074713802576,85489.0,62990.0
135,"Temple of Laxman and old sites including sculptures Sirpur Temple, Sirpur",Raipur,2024-25,5,0,0,1,85489.0,62990.0,53050.0,0,0,74239.5,67176.33333333333,0.3571836799491983,0.3571836799491983,0.999216273438688,3,11.35615468902028,81119.0,85489.0
57,"Temples & Sculpture shed, Lakkumdi",Dharwad,2020-21,1,1,0,0,13110.0,13110.0,13110.0,1,1,13110.0,13110.0,0.0,0.0,0.9930587337909992,1,9.481206851499401,5652.0,13110.0
57,"Temples & Sculpture shed, Lakkumdi",Dharwad,2021-22,2,0,1,0,5652.0,13110.0,13110.0,0,1,9381.0,9381.0,-0.5688787185354691,-0.5688787185354691,1.0,2,8.63994165667529,8340.0,5652.0
57,"Temples & Sculpture shed, Lakkumdi",Dharwad,2022-23,3,0,0,1,8340.0,5652.0,13110.0,0,0,6996.0,9034.0,0.47558386411889597,0.47558386411889597,0.9672661870503597,3,9.028938392241612,15275.0,8340.0
57,"Temples & Sculpture shed, Lakkumdi",Dharwad,2023-24,4,0,0,1,15275.0,8340.0,5652.0,0,0,11807.5,9755.666666666666,0.8315347721822542,0.8315347721822542,0.9931914893617021,3,9.634038248345407,20031.0,15275.0
57,"Temples & Sculpture shed, Lakkumdi",Dharwad,2024-25,5,0,0,1,20031.0,15275.0,8340.0,0,0,17653.0,14548.666666666666,0.31135842880523734,0.31135842880523734,0.9941091308471869,3,9.905086273899824,20800.0,20031.0
44,Gwalior Fort,Bhopal,2020-21,1,1,0,0,263478.0,263478.0,263478.0,1,1,263478.0,263478.0,0.0,0.0,0.970608551757642,1,12.481728947392941,101594.0,263478.0
44,Gwalior Fort,Bhopal,2021-22,2,0,1,0,101594.0,263478.0,263478.0,0,1,182536.0,182536.0,-0.6144118294506562,-0.6144118294506562,0.9987203968738312,2,11.528749600317115,203372.0,101594.0
44,Gwalior Fort,Bhopal,2022-23,3,0,0,1,203372.0,101594.0,263478.0,0,0,152483.0,189481.33333333334,1.0018111305785775,1.0018111305785775,0.998972326573963,3,12.222797010422585,278647.0,203372.0
44,Gwalior Fort,Bhopal,2023-24,4,0,0,1,278647.0,203372.0,101594.0,0,0,241009.5,194537.66666666666,0.37013453179395395,0.37013453179395395,0.98574181670716,3,12.537704615509158,318800.0,278647.0
44,Gwalior Fort,Bhopal,2024-25,5,0,0,1,318800.0,278647.0,203372.0,0,0,298723.5,266939.6666666667,0.14409988264722032,0.14409988264722032,0.975116060225847,3,12.672322362656137,328309.0,318800.0
109,Hauzkhas,Delhi,2020-21,1,1,0,0,148169.0,148169.0,148169.0,1,1,148169.0,148169.0,0.0,0.0,0.9822837435630934,1,11.90611554220278,39985.0,148169.0
109,Hauzkhas,Delhi,2021-22,2,0,1,0,39985.0,148169.0,148169.0,0,1,94077.0,94077.0,-0.7301392329029689,-0.7301392329029689,0.9962986119794923,2,10.596284671831778,45655.0,39985.0
109,Hauzkhas,Delhi,2022-23,3,0,0,1,45655.0,39985.0,148169.0,0,0,42820.0,77936.33333333333,0.14180317619107166,0.14180317619107166,0.9966706822910962,3,10.728890312216544,63986.0,45655.0
109,Hauzkhas,Delhi,2023-24,4,0,0,1,63986.0,45655.0,39985.0,0,0,54820.5,49875.333333333336,0.40151133501259445,0.40151133501259445,0.9839496139780577,3,11.066435216709133,85162.0,63986.0
109,Hauzkhas,Delhi,2024-25,5,0,0,1,85162.0,63986.0,45655.0,0,0,74574.0,64934.333333333336,0.33094739474259993,0.33094739474259993,0.9846762640614358,3,11.352322346193413,112068.0,85162.0
9,Mausoleum,Agra,2020-21,1,1,0,0,486998.0,486998.0,486998.0,1,1,486998.0,486998.0,0.0,0.0,0.9742586211853026,1,13.096017348674529,91506.0,486998.0
9,Mausoleum,Agra,2021-22,2,0,1,0,91506.0,486998.0,486998.0,0,1,289252.0,289252.0,-0.8121018977490667,-0.8121018977490667,0.9964920333092911,2,11.424170751069669,318296.0,91506.0
9,Mausoleum,Agra,2022-23,3,0,0,1,318296.0,91506.0,486998.0,0,0,204901.0,298933.3333333333,2.4784167158437698,2.4784167158437698,0.9979798677960138,3,12.67074018815508,766896.0,318296.0
9,Mausoleum,Agra,2023-24,4,0,0,1,766896.0,318296.0,91506.0,0,0,542596.0,392232.6666666667,1.4093799482242944,1.4093799482242944,0.998849909244539,3,13.550107781892384,713896.0,766896.0
9,Mausoleum,Agra,2024-25,5,0,0,1,713896.0,766896.0,318296.0,0,0,740396.0,599696.0,-0.06910976194946902,-0.06910976194946902,0.9941980344475946,3,13.478493973212498,586930.0,713896.0
8,Mehtab Bagh,Agra,2020-21,1,1,0,0,240899.0,240899.0,240899.0,1,1,240899.0,240899.0,0.0,0.0,0.7412816159469321,1,12.392137188602963,63196.0,240899.0
8,Mehtab Bagh,Agra,2021-22,2,0,1,0,63196.0,240899.0,240899.0,0,1,152047.5,152047.5,-0.7376659928019627,-0.7376659928019627,0.9913918602443192,2,11.05401211065386,87866.0,63196.0
8,Mehtab Bagh,Agra,2022-23,3,0,0,1,87866.0,63196.0,240899.0,0,0,75531.0,130653.66666666667,0.3903728084055953,0.3903728084055953,0.9811872624223249,3,11.383579586561892,128381.0,87866.0
8,Mehtab Bagh,Agra,2023-24,4,0,0,1,128381.0,87866.0,63196.0,0,0,108123.5,93147.66666666667,0.46109985659982244,0.46109985659982244,0.866966295635647,3,11.762765473495007,141042.0,128381.0
8,Mehtab Bagh,Agra,2024-25,5,0,0,1,141042.0,128381.0,87866.0,0,0,134711.5,119096.33333333333,0.09862051238111559,0.09862051238111559,0.8256973100211284,3,11.85682008740708,156669.0,141042.0
20,Excavated Remains at Sarnath,Sarnath,2020-21,1,1,0,0,585899.0,585899.0,585899.0,1,1,585899.0,585899.0,0.0,0.0,0.8283151191587629,1,13.28090440553288,170974.0,585899.0
20,Excavated Remains at Sarnath,Sarnath,2021-22,2,0,1,0,170974.0,585899.0,585899.0,0,1,378436.5,378436.5,-0.7081851991554858,-0.7081851991554858,0.9977540444745985,2,12.049272625966298,330301.0,170974.0
20,Excavated Remains at Sarnath,Sarnath,2022-23,3,0,0,1,330301.0,170974.0,585899.0,0,0,250637.5,362391.3333333333,0.9318785312386678,0.9318785312386678,0.9951044653210254,3,12.707762666461973,809805.0,330301.0
20,Excavated Remains at Sarnath,Sarnath,2023-24,4,0,0,1,809805.0,330301.0,170974.0,0,0,570053.0,437026.6666666667,1.4517182812041138,1.4517182812041138,0.9323997752545365,3,13.604549991789598,853612.0,809805.0
20,Excavated Remains at Sarnath,Sarnath,2024-25,5,0,0,1,853612.0,809805.0,330301.0,0,0,831708.5,664572.6666666666,0.05409573909768401,0.05409573909768401,0.9100469534167749,3,13.657233208469457,803299.0,853612.0
132,"Excavated Site, Nalanda",Patna,2021-22,2,0,1,0,105748.0,464409.0,464409.0,0,1,285078.5,285078.5,-0.7722955412147482,-0.7722955412147482,1.0,2,11.568823640599039,179878.0,105748.0
132,"Excavated Site, Nalanda",Patna,2022-23,3,0,0,1,179878.0,105748.0,464409.0,0,0,142813.0,250011.66666666666,0.7010061656012407,0.7010061656012407,0.9984378300848353,3,12.100039681607461,427503.0,179878.0
132,"Excavated Site, Nalanda",Patna,2023-24,4,0,0,1,427503.0,179878.0,105748.0,0,0,303690.5,237709.66666666666,1.3766274919667776,1.3766274919667776,0.9123842405784287,3,12.965718924040324,557892.0,427503.0
132,"Excavated Site, Nalanda",Patna,2024-25,5,0,0,1,557892.0,427503.0,179878.0,0,0,492697.5,388424.3333333333,0.30500136841144976,0.30500136841144976,0.8825830088977795,3,13.231922466703463,589151.0,557892.0
3,Fatehpur Sikri,Agra,2020-21,1,1,0,0,639127.0,639127.0,639127.0,1,1,639127.0,639127.0,0.0,0.0,0.7109322560304916,1,13.36786002628875,108409.0,639127.0
3,Fatehpur Sikri,Agra,2021-22,2,0,1,0,108409.0,639127.0,639127.0,0,1,373768.0,373768.0,-0.8303795646248711,-0.8303795646248711,0.9947052366500936,2,11.593675614655337,159375.0,108409.0
3,Fatehpur Sikri,Agra,2022-23,3,0,0,1,159375.0,108409.0,639127.0,0,0,133892.0,302303.6666666667,0.47012701897443937,0.47012701897443937,0.9866854901960784,3,11.979021469384946,505927.0,159375.0
3,Fatehpur Sikri,Agra,2023-24,4,0,0,1,505927.0,159375.0,108409.0,0,0,332651.0,257903.66666666666,2.1744439215686273,2.1744439215686273,0.8769822523802842,3,13.134149645654947,409175.0,505927.0
3,Fatehpur Sikri,Agra,2024-25,5,0,0,1,409175.0,505927.0,159375.0,0,0,457551.0,358159.0,-0.1912370757045977,-0.1912370757045977,0.7703598704710698,3,12.921900660313177,540599.0,409175.0
19,Observatory of Man Singh,Sarnath,2020-21,1,1,0,0,84013.0,84013.0,84013.0,1,1,84013.0,84013.0,0.0,0.0,0.9886446145239427,1,11.33873873060477,21390.0,84013.0
19,Observatory of Man Singh,Sarnath,2021-22,2,0,1,0,21390.0,84013.0,84013.0,0,1,52701.5,52701.5,-0.745396545772678,-0.745396545772678,0.9994857410004675,2,9.970725551801806,36295.0,21390.0
19,Observatory of Man Singh,Sarnath,2022-23,3,0,0,1,36295.0,21390.0,84013.0,0,0,28842.5,47232.666666666664,0.6968209443665264,0.6968209443665264,0.999228543876567,3,10.4994628213438,62053.0,36295.0
19,Observatory of Man Singh,Sarnath,2023-24,4,0,0,1,62053.0,36295.0,21390.0,0,0,49174.0,39912.666666666664,0.7096845295495248,0.7096845295495248,0.9917651040239795,3,11.035760252696852,136459.0,62053.0
19,Observatory of Man Singh,Sarnath,2024-25,5,0,0,1,136459.0,62053.0,36295.0,0,0,99256.0,78269.0,1.1990717612363624,1.1990717612363624,0.9913600422104808,3,11.823786810369414,86295.0,136459.0
18,Old Fort (Shahi Fort) Jaunpur,Sarnath,2020-21,1,1,0,0,199036.0,199036.0,199036.0,1,1,199036.0,199036.0,0.0,0.0,0.9994272392933942,1,12.201246016072096,67290.0,199036.0
18,Old Fort (Shahi Fort) Jaunpur,Sarnath,2021-22,2,0,1,0,67290.0,199036.0,199036.0,0,1,133163.0,133163.0,-0.6619204566008159,-0.6619204566008159,0.9981126467528607,2,11.11678177712113,123545.0,67290.0
18,Old Fort (Shahi Fort) Jaunpur,Sarnath,2022-23,3,0,0,1,123545.0,67290.0,199036.0,0,0,95417.5,129957.0,0.8360083221875464,0.8360083221875464,0.9983730624468817,3,11.724368835336202,167752.0,123545.0
18,Old Fort (Shahi Fort) Jaunpur,Sarnath,2023-24,4,0,0,1,167752.0,123545.0,67290.0,0,0,145648.5,119529.0,0.357821036869157,0.357821036869157,0.997955314988793,3,12.030247938429605,181834.0,167752.0
18,Old Fort (Shahi Fort) Jaunpur,Sarnath,2024-25,5,0,0,1,181834.0,167752.0,123545.0,0,0,174793.0,157710.33333333334,0.08394534789451094,0.08394534789451094,0.9985041301406777,3,12.110854961447988,150852.0,181834.0
95,"Old Fort, Sholapur",Mumbai,2020-21,1,1,0,0,62283.0,62283.0,62283.0,1,1,62283.0,62283.0,0.0,0.0,0.9992774914503155,1,11.039459849961315,11294.0,62283.0
95,"Old Fort, Sholapur",Mumbai,2021-22,2,0,1,0,11294.0,62283.0,62283.0,0,1,36788.5,36788.5,-0.8186664097747379,-0.8186664097747379,0.9999114574110147,2,9.332115428902103,5760.0,11294.0
95,"Old Fort, Sholapur",Mumbai,2022-23,3,0,0,1,5760.0,11294.0,62283.0,0,0,8527.0,26445.666666666668,-0.4899946874446609,-0.4899946874446609,0.9991319444444444,3,8.658866349732383,35517.0,5760.0
95,"Old Fort, Sholapur",Mumbai,2023-24,4,0,0,1,35517.0,5760.0,11294.0,0,0,20638.5,17523.666666666668,5.166145833333333,5.166145833333333,0.999099023003069,3,10.47779488921454,42984.0,35517.0
86,Elephanta Caves,Mumbai,2020-21,1,1,0,0,724753.0,724753.0,724753.0,1,1,724753.0,724753.0,0.0,0.0,0.9477187400397101,1,13.493587565913204,82417.0,724753.0
86,Elephanta Caves,Mumbai,2021-22,2,0,1,0,82417.0,724753.0,724753.0,0,1,403585.0,403585.0,-0.8862826369811508,-0.8862826369811508,0.9965905092395986,2,11.31955913864352,221158.0,82417.0
86,Elephanta Caves,Mumbai,2022-23,3,0,0,1,221158.0,82417.0,724753.0,0,0,151787.5,342776.0,1.6834026960457187,1.6834026960457187,0.9940268947991934,3,12.306637178828336,477796.0,221158.0
86,Elephanta Caves,Mumbai,2023-24,4,0,0,1,477796.0,221158.0,82417.0,0,0,349477.0,260457.0,1.1604282910860109,1.1604282910860109,0.9720215322020277,3,13.076941235076402,498116.0,477796.0
86,Elephanta Caves,Mumbai,2024-25,5,0,0,1,498116.0,477796.0,221158.0,0,0,487956.0,399023.3333333333,0.04252861053671441,0.04252861053671441,0.9566687277662231,3,13.118590268171802,502504.0,498116.0
81,Ellora Caves,Aurangabad,2020-21,1,1,0,0,1280687.0,1280687.0,1280687.0,1,1,1280687.0,1280687.0,0.0,0.0,0.9832699168493161,1,14.062907991494416,163472.0,1280687.0
81,Ellora Caves,Aurangabad,2021-22,2,0,1,0,163472.0,1280687.0,1280687.0,0,1,722079.5,722079.5,-0.8723560089233356,-0.8723560089233356,0.9990273563668396,2,12.00440311806805,412826.0,163472.0
81,Ellora Caves,Aurangabad,2022-23,3,0,0,1,412826.0,163472.0,1280687.0,0,0,288149.0,618995.0,1.5253621415288245,1.5253621415288245,0.9977932591454995,3,12.930783897987292,1450024.0,412826.0
81,Ellora Caves,Aurangabad,2023-24,4,0,0,1,1450024.0,412826.0,163472.0,0,0,931425.0,675440.6666666666,2.512433809886005,2.512433809886005,0.9914042802050173,3,14.187091355627437,1760156.0,1450024.0
81,Ellora Caves,Aurangabad,2024-25,5,0,0,1,1760156.0,1450024.0,412826.0,0,0,1605090.0,1207668.6666666667,0.2138805978383806,0.2138805978383806,0.988840193710103,3,14.3809135675813,1760583.0,1760156.0
138,"Palace complex at Ramnagar, Distt. Udhampur",Srinagar,2020-21,1,1,0,0,6610.0,6610.0,6610.0,1,1,6610.0,6610.0,0.0,0.0,1.0,1,8.796490207333578,2129.0,6610.0
138,"Palace complex at Ramnagar, Distt. Udhampur",Srinagar,2021-22,2,0,1,0,2129.0,6610.0,6610.0,0,1,4369.5,4369.5,-0.677912254160363,-0.677912254160363,1.0,2,7.6638772587034705,5595.0,2129.0
138,"Palace complex at Ramnagar, Distt. Udhampur",Srinagar,2022-23,3,0,0,1,5595.0,2129.0,6610.0,0,0,3862.0,4778.0,1.6279943635509628,1.6279943635509628,1.0,3,8.629807335785372,5584.0,5595.0
138,"Palace complex at Ramnagar, Distt. Udhampur",Srinagar,2023-24,4,0,0,1,5584.0,5595.0,2129.0,0,0,5589.5,4436.0,-0.001966041108132261,-0.001966041108132261,1.0,3,8.6278397115033,6737.0,5584.0
138,"Palace complex at Ramnagar, Distt. Udhampur",Srinagar,2024-25,5,0,0,1,6737.0,5584.0,5595.0,0,0,6160.5,5972.0,0.20648280802292263,0.20648280802292263,1.0,3,8.815518423966498,5963.0,6737.0
62,Palace of Tipu Sultan,Bangalore,2020-21,1,1,0,0,267683.0,267683.0,267683.0,1,1,267683.0,267683.0,0.0,0.0,0.9599563662989431,1,12.497562459324783,38976.0,267683.0
62,Palace of Tipu Sultan,Bangalore,2021-22,2,0,1,0,38976.0,267683.0,267683.0,0,1,153329.5,153329.5,-0.8543949372952335,-0.8543949372952335,0.9930726600985221,2,10.570727007554888,101169.0,38976.0
62,Palace of Tipu Sultan,Bangalore,2022-23,3,0,0,1,101169.0,38976.0,267683.0,0,0,70072.5,135942.66666666666,1.5956742610837438,1.5956742610837438,0.9903527760479989,3,11.524557549199937,255669.0,101169.0
62,Palace of Tipu Sultan,Bangalore,2023-24,4,0,0,1,255669.0,101169.0,38976.0,0,0,178419.0,131938.0,1.5271476440411589,1.5271476440411589,0.9719207256257114,3,12.45164282940594,272039.0,255669.0
62,Palace of Tipu Sultan,Bangalore,2024-25,5,0,0,1,272039.0,255669.0,101169.0,0,0,263854.0,209625.66666666666,0.06402809883091028,0.06402809883091028,0.9567341447366002,3,12.513704393289576,229973.0,272039.0
37,Fort Vattakottai,Thiruchirapalli,2020-21,1,1,0,0,159832.0,159832.0,159832.0,1,1,159832.0,159832.0,0.0,0.0,0.997872766404725,1,11.98188479912961,5094.0,159832.0
37,Fort Vattakottai,Thiruchirapalli,2021-22,2,0,1,0,5094.0,159832.0,159832.0,0,1,82463.0,82463.0,-0.9681290354872616,-0.9681290354872616,0.9929328621908127,2,8.536014945656826,53200.0,5094.0
37,Fort Vattakottai,Thiruchirapalli,2022-23,3,0,0,1,53200.0,5094.0,159832.0,0,0,29147.0,72708.66666666667,9.443659206910091,9.443659206910091,1.0,3,10.881832472145556,106996.0,53200.0
37,Fort Vattakottai,Thiruchirapalli,2023-24,4,0,0,1,106996.0,53200.0,5094.0,0,0,80098.0,55096.666666666664,1.011203007518797,1.011203007518797,0.99852330928259,3,11.580556075667811,114332.0,106996.0
37,Fort Vattakottai,Thiruchirapalli,2024-25,5,0,0,1,114332.0,106996.0,53200.0,0,0,110664.0,91509.33333333333,0.06856331077797301,0.06856331077797301,0.9978833572403176,3,11.646870522023823,100035.0,114332.0
31,"Fort on Rock, Dindigul",Thiruchirapalli,2020-21,1,1,0,0,24751.0,24751.0,24751.0,1,1,24751.0,24751.0,0.0,0.0,0.9962021736495495,1,10.116661572812847,25702.0,24751.0
31,"Fort on Rock, Dindigul",Thiruchirapalli,2021-22,2,0,1,0,25702.0,24751.0,24751.0,0,1,25226.5,25226.5,0.038422689992323546,0.038422689992323546,0.9961481596762898,2,10.154362995588228,27372.0,25702.0
31,"Fort on Rock, Dindigul",Thiruchirapalli,2022-23,3,0,0,1,27372.0,25702.0,24751.0,0,0,26537.0,25941.666666666668,0.06497548828884912,0.06497548828884912,0.9998538652637732,3,10.217312405089107,36128.0,27372.0
31,"Fort on Rock, Dindigul",Thiruchirapalli,2023-24,4,0,0,1,36128.0,27372.0,25702.0,0,0,31750.0,29734.0,0.3198889376004676,0.3198889376004676,0.9984222763507529,3,10.494851145928589,31840.0,36128.0
31,"Fort on Rock, Dindigul",Thiruchirapalli,2024-25,5,0,0,1,31840.0,36128.0,27372.0,0,0,33984.0,31780.0,-0.11868910540301152,-0.11868910540301152,0.9975816582914573,3,10.368510046500305,36952.0,31840.0
96,"Janjira Fort, Murd",Mumbai,2020-21,1,1,0,0,253466.0,253466.0,253466.0,1,1,253466.0,253466.0,0.0,0.0,0.9994042593483938,1,12.442988916024754,149228.0,253466.0
96,"Janjira Fort, Murd",Mumbai,2021-22,2,0,1,0,149228.0,253466.0,253466.0,0,1,201347.0,201347.0,-0.4112504241200003,-0.4112504241200003,0.9999530919130458,2,11.913237317837591,188015.0,149228.0
96,"Janjira Fort, Murd",Mumbai,2022-23,3,0,0,1,188015.0,149228.0,253466.0,0,0,168621.5,196903.0,0.2599177098131718,0.2599177098131718,0.9996383267292503,3,12.144282344573723,276652.0,188015.0
96,"Janjira Fort, Murd",Mumbai,2023-24,4,0,0,1,276652.0,188015.0,149228.0,0,0,232333.5,204631.66666666666,0.4714357896976305,0.4714357896976305,0.9992806847591921,3,12.530519292294208,291589.0,276652.0
96,"Janjira Fort, Murd",Mumbai,2024-25,5,0,0,1,291589.0,276652.0,188015.0,0,0,284120.5,252085.33333333334,0.05399201885401154,0.05399201885401154,0.9992900966771723,3,12.583103984975791,247499.0,291589.0
110,Jantar Mantar,Delhi,2020-21,1,1,0,0,209713.0,209713.0,209713.0,1,1,209713.0,209713.0,0.0,0.0,0.9689289648233538,1,12.253499976702537,76338.0,209713.0
110,Jantar Mantar,Delhi,2021-22,2,0,1,0,76338.0,209713.0,209713.0,0,1,143025.5,143025.5,-0.6359882315354795,-0.6359882315354795,0.9969870837590715,2,11.242939226920786,126066.0,76338.0
110,Jantar Mantar,Delhi,2022-23,3,0,0,1,126066.0,76338.0,209713.0,0,0,101202.0,137372.33333333334,0.6514186905604025,0.6514186905604025,0.9958672441419574,3,11.744568790638537,273451.0,126066.0
110,Jantar Mantar,Delhi,2023-24,4,0,0,1,273451.0,126066.0,76338.0,0,0,199758.5,158618.33333333334,1.1691098313581774,1.1691098313581774,0.982911015136167,3,12.518881382699535,240328.0,273451.0
110,Jantar Mantar,Delhi,2024-25,5,0,0,1,240328.0,273451.0,126066.0,0,0,256889.5,213281.66666666666,-0.12112956251759913,-0.12112956251759913,0.9837056023434639,3,12.38976409692325,254684.0,240328.0
68,"Asokan Rock Edict, Junagadh",Rajkot,2020-21,1,1,0,0,6344.0,6344.0,6344.0,1,1,6344.0,6344.0,0.0,0.0,0.9735182849936949,1,8.755422380148488,10514.0,6344.0
68,"Asokan Rock Edict, Junagadh",Rajkot,2021-22,2,0,1,0,10514.0,6344.0,6344.0,0,1,8429.0,8429.0,0.657313997477932,0.657313997477932,0.9984782195168347,2,9.2605580881368,31712.0,10514.0
68,"Asokan Rock Edict, Junagadh",Rajkot,2022-23,3,0,0,1,31712.0,10514.0,6344.0,0,0,21113.0,16190.0,2.0161689176336313,2.0161689176336313,0.9991485872855701,3,10.364481970436772,29287.0,31712.0
68,"Asokan Rock Edict, Junagadh",Rajkot,2023-24,4,0,0,1,29287.0,31712.0,10514.0,0,0,30499.5,23837.666666666668,-0.07646947527749748,-0.07646947527749748,0.9939563628913852,3,10.284933154800072,26433.0,29287.0
68,"Asokan Rock Edict, Junagadh",Rajkot,2024-25,5,0,0,1,26433.0,29287.0,31712.0,0,0,27860.0,29144.0,-0.09744938027111005,-0.09744938027111005,0.9909204403586426,3,10.182406339317753,27908.0,26433.0
85,Aurangabad Caves,Aurangabad,2020-21,1,1,0,0,184722.0,184722.0,184722.0,1,1,184722.0,184722.0,0.0,0.0,0.9854375764662574,1,12.126612684693379,34995.0,184722.0
85,Aurangabad Caves,Aurangabad,2021-22,2,0,1,0,34995.0,184722.0,184722.0,0,1,109858.5,109858.5,-0.8105531555526684,-0.8105531555526684,0.9994570652950422,2,10.462989048226156,68721.0,34995.0
85,Aurangabad Caves,Aurangabad,2022-23,3,0,0,1,68721.0,34995.0,184722.0,0,0,51858.0,96146.0,0.963737676810973,0.963737676810973,0.9988504241789263,3,11.137824659843483,116352.0,68721.0
85,Aurangabad Caves,Aurangabad,2023-24,4,0,0,1,116352.0,68721.0,34995.0,0,0,92536.5,73356.0,0.6931069105513599,0.6931069105513599,0.9926773927392739,3,11.664383952669624,134013.0,116352.0
85,Aurangabad Caves,Aurangabad,2024-25,5,0,0,1,134013.0,116352.0,68721.0,0,0,125182.5,106362.0,0.15178939768976898,0.15178939768976898,0.9888443658451046,3,11.805699551087583,127936.0,134013.0
139,"Avantiswamin Temple, Avantipur District Pulwana",Srinagar,2020-21,1,1,0,0,9971.0,9971.0,9971.0,1,1,9971.0,9971.0,0.0,0.0,0.9967906930097282,1,9.207536444643448,5714.0,9971.0
139,"Avantiswamin Temple, Avantipur District Pulwana",Srinagar,2021-22,2,0,1,0,5714.0,9971.0,9971.0,0,1,7842.5,7842.5,-0.42693812054959385,-0.42693812054959385,0.9985999299964998,2,8.65084957622891,24963.0,5714.0
139,"Avantiswamin Temple, Avantipur District Pulwana",Srinagar,2022-23,3,0,0,1,24963.0,5714.0,9971.0,0,0,15338.5,13549.333333333334,3.3687434371718585,3.3687434371718585,0.9997596442735248,3,10.125190066053934,44435.0,24963.0
139,"Avantiswamin Temple, Avantipur District Pulwana",Srinagar,2023-24,4,0,0,1,44435.0,24963.0,5714.0,0,0,34699.0,25037.333333333332,0.7800344509874615,0.7800344509874615,0.9977720265556431,3,10.701805230701613,43774.0,44435.0
139,"Avantiswamin Temple, Avantipur District Pulwana",Srinagar,2024-25,5,0,0,1,43774.0,44435.0,24963.0,0,0,44104.5,37724.0,-0.014875661077979071,-0.014875661077979071,0.9912048247818339,3,10.686818157154052,41961.0,43774.0
72,"Sun Temple, Modhera",Vadodara,2020-21,1,1,0,0,211760.0,211760.0,211760.0,1,1,211760.0,211760.0,0.0,0.0,0.9823762750283339,1,12.263213559216995,85510.0,211760.0
72,"Sun Temple, Modhera",Vadodara,2021-22,2,0,1,0,85510.0,211760.0,211760.0,0,1,148635.0,148635.0,-0.5961938043067624,-0.5961938043067624,0.9987954625190036,2,11.35640030162027,225585.0,85510.0
72,"Sun Temple, Modhera",Vadodara,2022-23,3,0,0,1,225585.0,85510.0,211760.0,0,0,155547.5,174285.0,1.6381125014618174,1.6381125014618174,0.9973269499301816,3,12.326456739942854,403726.0,225585.0
72,"Sun Temple, Modhera",Vadodara,2023-24,4,0,0,1,403726.0,225585.0,85510.0,0,0,314655.5,238273.66666666666,0.7896845978234368,0.7896845978234368,0.940142571942357,3,12.90849418595211,395580.0,403726.0
72,"Sun Temple, Modhera",Vadodara,2024-25,5,0,0,1,395580.0,403726.0,225585.0,0,0,399653.0,341630.3333333333,-0.020177050772058277,-0.020177050772058277,0.990176449769958,3,12.888110849265873,345672.0,395580.0
101,Suraj Kund,Chandigarh,2020-21,1,1,0,0,91519.0,91519.0,91519.0,1,1,91519.0,91519.0,0.0,0.0,0.9992132781171122,1,11.424312806613624,11146.0,91519.0
101,Suraj Kund,Chandigarh,2021-22,2,0,1,0,11146.0,91519.0,91519.0,0,1,51332.5,51332.5,-0.8782110818518559,-0.8782110818518559,0.9987439440157904,2,9.318925682389624,14700.0,11146.0
101,Suraj Kund,Chandigarh,2022-23,3,0,0,1,14700.0,11146.0,91519.0,0,0,12923.0,39121.666666666664,0.318858783420061,0.318858783420061,0.9966666666666667,3,9.595670797663967,12899.0,14700.0
101,Suraj Kund,Chandigarh,2023-24,4,0,0,1,12899.0,14700.0,11146.0,0,0,13799.5,12915.0,-0.12251700680272108,-0.12251700680272108,0.9958911543530506,3,9.464982590349763,11092.0,12899.0
101,Suraj Kund,Chandigarh,2024-25,5,0,0,1,11092.0,12899.0,14700.0,0,0,11995.5,12897.0,-0.1400883789441042,-0.1400883789441042,0.999278759466282,3,9.314069557738659,10761.0,11092.0
97,Kondiote Caves,Mumbai,2020-21,1,1,0,0,42081.0,42081.0,42081.0,1,1,42081.0,42081.0,0.0,0.0,0.9859556569473159,1,10.647375374799257,167.0,42081.0
97,Kondiote Caves,Mumbai,2021-22,2,0,1,0,167.0,42081.0,42081.0,0,1,21124.0,21124.0,-0.9960314631306291,-0.9960314631306291,1.0,2,5.123963979403259,9449.0,167.0
97,Kondiote Caves,Mumbai,2022-23,3,0,0,1,9449.0,167.0,42081.0,0,0,4808.0,17232.333333333332,55.58083832335329,55.58083832335329,0.9919568208276008,3,9.153770020487789,43729.0,9449.0
97,Kondiote Caves,Mumbai,2023-24,4,0,0,1,43729.0,9449.0,167.0,0,0,26589.0,17781.666666666668,3.627897131971637,3.627897131971637,0.992910882938096,3,10.685789644406967,24518.0,43729.0
97,Kondiote Caves,Mumbai,2024-25,5,0,0,1,24518.0,43729.0,9449.0,0,0,34123.5,25898.666666666668,-0.4393194447620572,-0.4393194447620572,0.973121788074068,3,10.107203606184239,25760.0,24518.0
5,"Mariam Tomb, Sikandra",Agra,2020-21,1,1,0,0,22931.0,22931.0,22931.0,1,1,22931.0,22931.0,0.0,0.0,0.9819458375125376,1,10.040288594028274,9796.0,22931.0
5,"Mariam Tomb, Sikandra",Agra,2021-22,2,0,1,0,9796.0,22931.0,22931.0,0,1,16363.5,16363.5,-0.5728053726396581,-0.5728053726396581,0.9968354430379747,2,9.189831495344642,17635.0,9796.0
5,"Mariam Tomb, Sikandra",Agra,2022-23,3,0,0,1,17635.0,9796.0,22931.0,0,0,13715.5,16787.333333333332,0.8002245814618212,0.8002245814618212,0.9944428692940176,3,9.777697546477828,39673.0,17635.0
5,"Mariam Tomb, Sikandra",Agra,2023-24,4,0,0,1,39673.0,17635.0,9796.0,0,0,28654.0,22368.0,1.2496739438616389,1.2496739438616389,0.9914803518765911,3,10.588451340288055,18363.0,39673.0
5,"Mariam Tomb, Sikandra",Agra,2024-25,5,0,0,1,18363.0,39673.0,17635.0,0,0,29018.0,25223.666666666668,-0.5371411287273461,-0.5371411287273461,0.991177912105865,3,9.818147505369113,18362.0,18363.0
67,Matcalfe-Hall,Kolkata,2020-21,1,1,0,0,632.0,632.0,632.0,1,1,632.0,632.0,0.0,0.0,0.9572784810126582,1,6.450470422144176,7842.0,632.0
67,Matcalfe-Hall,Kolkata,2021-22,2,0,1,0,7842.0,632.0,632.0,0,1,4237.0,4237.0,11.408227848101266,11.408227848101266,0.9969395562356542,2,8.967376693212666,7848.0,7842.0
67,Matcalfe-Hall,Kolkata,2022-23,3,0,0,1,7848.0,7842.0,632.0,0,0,7845.0,5440.666666666667,0.0007651109410864575,0.0007651109410864575,0.9954128440366973,3,8.968141414126814,17936.0,7848.0
67,Matcalfe-Hall,Kolkata,2023-24,4,0,0,1,17936.0,7848.0,7842.0,0,0,12892.0,11208.666666666666,1.2854230377166156,1.2854230377166156,0.9924174843889384,3,9.794620897549015,22849.0,17936.0
67,Matcalfe-Hall,Kolkata,2024-25,5,0,0,1,22849.0,17936.0,7848.0,0,0,20392.5,16211.0,0.2739183764495986,0.2739183764495986,0.9908092257866865,3,10.036706396322352,32505.0,22849.0
77,Rajarani Temple,Bhubaneswar,2020-21,1,1,0,0,17422.0,17422.0,17422.0,1,1,17422.0,17422.0,0.0,0.0,0.9709562621972219,1,9.765546451422905,8240.0,17422.0
77,Rajarani Temple,Bhubaneswar,2021-22,2,0,1,0,8240.0,17422.0,17422.0,0,1,12831.0,12831.0,-0.5270347836069338,-0.5270347836069338,0.9996359223300971,2,9.016876974763383,12437.0,8240.0
77,Rajarani Temple,Bhubaneswar,2022-23,3,0,0,1,12437.0,8240.0,17422.0,0,0,10338.5,12699.666666666666,0.5093446601941748,0.5093446601941748,0.9958189273940661,3,9.428511581663834,37064.0,12437.0
77,Rajarani Temple,Bhubaneswar,2023-24,4,0,0,1,37064.0,12437.0,8240.0,0,0,24750.5,19247.0,1.980139905121814,1.980139905121814,0.9826246492553421,3,10.52042840709082,92432.0,37064.0
77,Rajarani Temple,Bhubaneswar,2024-25,5,0,0,1,92432.0,37064.0,12437.0,0,0,64748.0,47311.0,1.4938484783077919,1.4938484783077919,0.9881101782932318,3,11.43423933672659,114031.0,92432.0
83,Daulatabad Fort,Aurangabad,2020-21,1,1,0,0,521664.0,521664.0,521664.0,1,1,521664.0,521664.0,0.0,0.0,0.9890178352349405,1,13.164780898394998,105483.0,521664.0
83,Daulatabad Fort,Aurangabad,2021-22,2,0,1,0,105483.0,521664.0,521664.0,0,1,313573.5,313573.5,-0.7977951324990799,-0.7977951324990799,0.9995354701705488,2,11.566314561629133,205098.0,105483.0
83,Daulatabad Fort,Aurangabad,2022-23,3,0,0,1,205098.0,105483.0,521664.0,0,0,155290.5,277415.0,0.9443701828730696,0.9443701828730696,0.9987128104613404,3,12.23124806837818,518709.0,205098.0
83,Daulatabad Fort,Aurangabad,2023-24,4,0,0,1,518709.0,205098.0,105483.0,0,0,361903.5,276430.0,1.5290787818506275,1.5290787818506275,0.9950550308554508,3,13.159100239120303,551378.0,518709.0
83,Daulatabad Fort,Aurangabad,2024-25,5,0,0,1,551378.0,518709.0,205098.0,0,0,535043.5,425061.6666666667,0.06298136334630786,0.06298136334630786,0.9930918535015906,3,13.220177691971722,549667.0,551378.0
125,Deeg Bhawan,Jaipur,2020-21,1,1,0,0,29577.0,29577.0,29577.0,1,1,29577.0,29577.0,0.0,0.0,0.963924671197214,1,10.294786120726714,12802.0,29577.0
125,Deeg Bhawan,Jaipur,2021-22,2,0,1,0,12802.0,29577.0,29577.0,0,1,21189.5,21189.5,-0.5671636744767894,-0.5671636744767894,0.997656616153726,2,9.45743479744618,33031.0,12802.0
125,Deeg Bhawan,Jaipur,2022-23,3,0,0,1,33031.0,12802.0,29577.0,0,0,22916.5,25136.666666666668,1.5801437275425714,1.5801437275425714,0.9991825860555236,3,10.405232067565926,33007.0,33031.0
125,Deeg Bhawan,Jaipur,2023-24,4,0,0,1,33007.0,33031.0,12802.0,0,0,33019.0,26280.0,-0.000726590172867912,-0.000726590172867912,0.9883964007634745,3,10.404505235311033,40000.0,33007.0
125,Deeg Bhawan,Jaipur,2024-25,5,0,0,1,40000.0,33007.0,33031.0,0,0,36503.5,35346.0,0.21186415002878178,0.21186415002878178,0.993875,3,10.596659732783579,38353.0,40000.0
52,"Durga Temple, Aihole",Dharwad,2020-21,1,1,0,0,190616.0,190616.0,190616.0,1,1,190616.0,190616.0,0.0,0.0,0.9798075712427079,1,12.158021458250051,75188.0,190616.0
52,"Durga Temple, Aihole",Dharwad,2021-22,2,0,1,0,75188.0,190616.0,190616.0,0,1,132902.0,132902.0,-0.6055525244470559,-0.6055525244470559,0.9986833005266798,2,11.227760222642722,98432.0,75188.0
52,"Durga Temple, Aihole",Dharwad,2022-23,3,0,0,1,98432.0,75188.0,190616.0,0,0,86810.0,121412.0,0.30914507634196947,0.30914507634196947,0.9992990084525357,3,11.497131392671445,197397.0,98432.0
52,"Durga Temple, Aihole",Dharwad,2023-24,4,0,0,1,197397.0,98432.0,75188.0,0,0,147914.5,123672.33333333333,1.0054149057217165,1.0054149057217165,0.9895033865762904,3,12.192977274217933,220561.0,197397.0
52,"Durga Temple, Aihole",Dharwad,2024-25,5,0,0,1,220561.0,197397.0,98432.0,0,0,208979.0,172130.0,0.11734727478127834,0.11734727478127834,0.9852875168320782,3,12.303934113483914,213901.0,220561.0
84,"Pandulena Caves, Nasik",Aurangabad,2020-21,1,1,0,0,203999.0,203999.0,203999.0,1,1,203999.0,203999.0,0.0,0.0,0.9944705611302016,1,12.225875272826354,29.0,203999.0
84,"Pandulena Caves, Nasik",Aurangabad,2021-22,2,0,1,0,29.0,203999.0,203999.0,0,1,102014.0,102014.0,-0.9998578424404041,-0.9998578424404041,1.0,2,3.4011973816621555,72882.0,29.0
84,"Pandulena Caves, Nasik",Aurangabad,2022-23,3,0,0,1,72882.0,29.0,203999.0,0,0,36455.5,92303.33333333333,2512.1724137931033,2512.1724137931033,0.9969677012156637,3,11.196610694643175,170941.0,72882.0
84,"Pandulena Caves, Nasik",Aurangabad,2023-24,4,0,0,1,170941.0,72882.0,29.0,0,0,121911.5,81284.0,1.3454488076616997,1.3454488076616997,0.9953492725560281,3,12.049079596663264,147064.0,170941.0
84,"Pandulena Caves, Nasik",Aurangabad,2024-25,5,0,0,1,147064.0,170941.0,72882.0,0,0,159002.5,130295.66666666667,-0.13967977255310313,-0.13967977255310313,0.9928738508404504,3,11.898629944900238,278535.0,147064.0
12,Piprahwa & Ganwaria,Lucknow,2020-21,1,1,0,0,41440.0,41440.0,41440.0,1,1,41440.0,41440.0,0.0,0.0,0.9252413127413127,1,10.632026007916341,12065.0,41440.0
12,Piprahwa & Ganwaria,Lucknow,2021-22,2,0,1,0,12065.0,41440.0,41440.0,0,1,26752.5,26752.5,-0.7088561776061776,-0.7088561776061776,0.9997513468711148,2,9.398146859000708,23254.0,12065.0
12,Piprahwa & Ganwaria,Lucknow,2022-23,3,0,0,1,23254.0,12065.0,41440.0,0,0,17659.5,25586.333333333332,0.9273932863655201,0.9273932863655201,0.9956566612195751,3,10.054275441658197,43437.0,23254.0
12,Piprahwa & Ganwaria,Lucknow,2023-24,4,0,0,1,43437.0,23254.0,12065.0,0,0,33345.5,26252.0,0.8679366990625269,0.8679366990625269,0.8706172157377351,3,10.679089913032266,64885.0,43437.0
12,Piprahwa & Ganwaria,Lucknow,2024-25,5,0,0,1,64885.0,43437.0,23254.0,0,0,54161.0,43858.666666666664,0.4937725901880885,0.4937725901880885,0.7216459890575634,3,11.08038716293513,57692.0,64885.0
113,Purana Qila,Delhi,2020-21,1,1,0,0,667793.0,667793.0,667793.0,1,1,667793.0,667793.0,0.0,0.0,0.9917743971560049,1,13.411735021725363,201782.0,667793.0
113,Purana Qila,Delhi,2021-22,2,0,1,0,201782.0,667793.0,667793.0,0,1,434787.5,434787.5,-0.697837503537773,-0.697837503537773,0.9953613305448454,2,12.214948141529517,467182.0,201782.0
113,Purana Qila,Delhi,2022-23,3,0,0,1,467182.0,201782.0,667793.0,0,0,334482.0,445585.6666666667,1.3152808476474611,1.3152808476474611,0.9981848615742901,3,13.054476322847831,601153.0,467182.0
113,Purana Qila,Delhi,2023-24,4,0,0,1,601153.0,467182.0,201782.0,0,0,534167.5,423372.3333333333,0.28676404484761825,0.28676404484761825,0.9959328157723575,3,13.306606420294251,263210.0,601153.0
113,Purana Qila,Delhi,2024-25,5,0,0,1,263210.0,601153.0,467182.0,0,0,432181.5,443848.3333333333,-0.5621580529415973,-0.5621580529415973,0.9934386991375708,3,12.480711270873053,193816.0,263210.0
51,"Group of Temple, Paramesh var Shiv and Karan Temple, Amarkantak",Bhopal,2020-21,1,1,0,0,57450.0,57450.0,57450.0,1,1,57450.0,57450.0,0.0,0.0,0.9992689295039164,1,10.958687689565794,23611.0,57450.0
51,"Group of Temple, Paramesh var Shiv and Karan Temple, Amarkantak",Bhopal,2021-22,2,0,1,0,23611.0,57450.0,57450.0,0,1,40530.5,40530.5,-0.5890165361183638,-0.5890165361183638,0.9994494091736902,2,10.06951033636058,31114.0,23611.0
51,"Group of Temple, Paramesh var Shiv and Karan Temple, Amarkantak",Bhopal,2022-23,3,0,0,1,31114.0,23611.0,57450.0,0,0,27362.5,37391.666666666664,0.31777561306170854,0.31777561306170854,0.9957253969274281,3,10.345445297003318,44219.0,31114.0
51,"Group of Temple, Paramesh var Shiv and Karan Temple, Amarkantak",Bhopal,2023-24,4,0,0,1,44219.0,31114.0,23611.0,0,0,37666.5,32981.333333333336,0.421193032075593,0.421193032075593,0.9978742169655578,3,10.696932454411437,50396.0,44219.0
51,"Group of Temple, Paramesh var Shiv and Karan Temple, Amarkantak",Bhopal,2024-25,5,0,0,1,50396.0,44219.0,31114.0,0,0,47307.5,41909.666666666664,0.1396910830186119,0.1396910830186119,0.9971227875228192,3,10.827686928478323,49475.0,50396.0
140,"Group of Temples, Kiramchi, District Udhampur",Srinagar,2020-21,1,1,0,0,5735.0,5735.0,5735.0,1,1,5735.0,5735.0,0.0,0.0,0.9993025283347864,1,8.654517382279456,5816.0,5735.0
140,"Group of Temples, Kiramchi, District Udhampur",Srinagar,2021-22,2,0,1,0,5816.0,5735.0,5735.0,0,1,5775.5,5775.5,0.014123801220575414,0.014123801220575414,1.0,2,8.668539943910762,7391.0,5816.0
140,"Group of Temples, Kiramchi, District Udhampur",Srinagar,2022-23,3,0,0,1,7391.0,5816.0,5735.0,0,0,6603.5,6314.0,0.27080467675378267,0.27080467675378267,0.9989176024895142,3,8.90815361332152,8234.0,7391.0
140,"Group of Temples, Kiramchi, District Udhampur",Srinagar,2023-24,4,0,0,1,8234.0,7391.0,5816.0,0,0,7812.5,7147.0,0.11405763766743336,0.11405763766743336,0.9989069710954579,3,9.016148642611741,16819.0,8234.0
140,"Group of Temples, Kiramchi, District Udhampur",Srinagar,2024-25,5,0,0,1,16819.0,8234.0,7391.0,0,0,12526.5,10814.666666666666,1.0426281272771436,1.0426281272771436,0.9992865211962662,3,9.73032393352694,13857.0,16819.0
13,"Gupta & Varah Temple, Deogarh",Jhansi,2020-21,1,1,0,0,1380.0,1380.0,1380.0,1,1,1380.0,1380.0,0.0,0.0,0.9768115942028985,1,7.2305631534092925,931.0,1380.0
13,"Gupta & Varah Temple, Deogarh",Jhansi,2021-22,2,0,1,0,931.0,1380.0,1380.0,0,1,1155.5,1155.5,-0.3253623188405797,-0.3253623188405797,1.0,2,6.837332814685591,1636.0,931.0
13,"Gupta & Varah Temple, Deogarh",Jhansi,2022-23,3,0,0,1,1636.0,931.0,1380.0,0,0,1283.5,1315.6666666666667,0.757250268528464,0.757250268528464,1.0,3,7.400620577371135,947.0,1636.0
13,"Gupta & Varah Temple, Deogarh",Jhansi,2023-24,4,0,0,1,947.0,1636.0,931.0,0,0,1291.5,1171.3333333333333,-0.42114914425427874,-0.42114914425427874,0.986272439281943,3,6.854354502255021,1862.0,947.0
13,"Gupta & Varah Temple, Deogarh",Jhansi,2024-25,5,0,0,1,1862.0,947.0,1636.0,0,0,1404.5,1481.6666666666667,0.9662090813093981,0.9662090813093981,0.9903329752953813,3,7.529943370601589,2258.0,1862.0
14,Kalinjar Fort,Jhansi,2020-21,1,1,0,0,81644.0,81644.0,81644.0,1,1,81644.0,81644.0,0.0,0.0,0.9983219832443291,1,11.31013585953641,80318.0,81644.0
14,Kalinjar Fort,Jhansi,2021-22,2,0,1,0,80318.0,81644.0,81644.0,0,1,80981.0,80981.0,-0.016241242467297044,-0.016241242467297044,0.9996638362509027,2,11.293761484648849,88610.0,80318.0
14,Kalinjar Fort,Jhansi,2022-23,3,0,0,1,88610.0,80318.0,81644.0,0,0,84464.0,83524.0,0.10323962250056028,0.10323962250056028,0.9999210021442275,3,11.392011282385635,96119.0,88610.0
14,Kalinjar Fort,Jhansi,2023-24,4,0,0,1,96119.0,88610.0,80318.0,0,0,92364.5,88349.0,0.08474212842794267,0.08474212842794267,0.9983145892071287,3,11.473352689850405,116893.0,96119.0
14,Kalinjar Fort,Jhansi,2024-25,5,0,0,1,116893.0,96119.0,88610.0,0,0,106506.0,100540.66666666667,0.216127924759933,0.216127924759933,0.9983574722181825,3,11.66902282022335,128834.0,116893.0
115,Kareghar of Ahom Kings,Guwahati,2020-21,1,1,0,0,120489.0,120489.0,120489.0,1,1,120489.0,120489.0,0.0,0.0,0.9952111811036692,1,11.699322040917322,54688.0,120489.0
115,Kareghar of Ahom Kings,Guwahati,2021-22,2,0,1,0,54688.0,120489.0,120489.0,0,1,87588.5,87588.5,-0.5461162429765373,-0.5461162429765373,0.9982994441193681,2,10.909417871295242,46430.0,54688.0
115,Kareghar of Ahom Kings,Guwahati,2022-23,3,0,0,1,46430.0,54688.0,120489.0,0,0,50559.0,73869.0,-0.1510020479812756,-0.1510020479812756,0.999526168425587,3,10.745722618580869,243107.0,46430.0
115,Kareghar of Ahom Kings,Guwahati,2023-24,4,0,0,1,243107.0,46430.0,54688.0,0,0,144768.5,114741.66666666667,4.235989661856558,4.235989661856558,0.9977211680453463,3,12.401261068030951,217801.0,243107.0
115,Kareghar of Ahom Kings,Guwahati,2024-25,5,0,0,1,217801.0,243107.0,46430.0,0,0,230454.0,169112.66666666666,-0.10409408202972353,-0.10409408202972353,0.9963820184480329,3,12.291341672175292,197915.0,217801.0
61,Keshava Temple,Bangalore,2020-21,1,1,0,0,187078.0,187078.0,187078.0,1,1,187078.0,187078.0,0.0,0.0,0.953746565603652,1,12.139286266518715,64418.0,187078.0
61,Keshava Temple,Bangalore,2021-22,2,0,1,0,64418.0,187078.0,187078.0,0,1,125748.0,125748.0,-0.6556623440490063,-0.6556623440490063,0.99695737216306,2,11.073163899635242,76455.0,64418.0
61,Keshava Temple,Bangalore,2022-23,3,0,0,1,76455.0,64418.0,187078.0,0,0,70436.5,109317.0,0.18685771057778883,0.18685771057778883,0.9913413118828068,3,11.244470690946015,149041.0,76455.0
61,Keshava Temple,Bangalore,2023-24,4,0,0,1,149041.0,76455.0,64418.0,0,0,112748.0,96638.0,0.9493950689948336,0.9493950689948336,0.9618829717997062,3,11.91198342440175,177692.0,149041.0
61,Keshava Temple,Bangalore,2024-25,5,0,0,1,177692.0,149041.0,76455.0,0,0,163366.5,134396.0,0.192235693533994,0.192235693533994,0.9521081421786012,3,12.087812621132747,209827.0,177692.0
1,Taj Mahal,Agra,2020-21,1,1,0,0,5075125.0,5075125.0,5075125.0,1,1,5075125.0,5075125.0,0.0,0.0,0.8728277628629837,1,15.439861910170132,1268926.0,5075125.0
1,Taj Mahal,Agra,2021-22,2,0,1,0,1268926.0,5075125.0,5075125.0,0,1,3172025.5,3172025.5,-0.7499714785350114,-0.7499714785350114,0.992880593509787,2,14.053682219431145,3333533.0,1268926.0
1,Taj Mahal,Agra,2022-23,3,0,0,1,3333533.0,1268926.0,5075125.0,0,0,2301229.5,3225861.3333333335,1.6270507500043343,1.6270507500043343,0.9883240993864467,3,15.019543560478263,5449612.0,3333533.0
1,Taj Mahal,Agra,2023-24,4,0,0,1,5449612.0,3333533.0,1268926.0,0,0,4391572.5,3350690.3333333335,0.6347856763379873,0.6347856763379873,0.9271691269029795,3,15.511055154943843,6780215.0,5449612.0
1,Taj Mahal,Agra,2024-25,5,0,0,1,6780215.0,5449612.0,3333533.0,0,0,6114913.5,5187786.666666667,0.24416472218572624,0.24416472218572624,0.8995107087312127,3,15.72951951781619,6909849.0,6780215.0
70,"Baba Pyara Caves, Junagadh & Khaprakodia Caves Junagadh",Rajkot,2020-21,1,1,0,0,6000.0,6000.0,6000.0,1,1,6000.0,6000.0,0.0,0.0,0.9763333333333334,1,8.699681400989514,1692.0,6000.0
70,"Baba Pyara Caves, Junagadh & Khaprakodia Caves Junagadh",Rajkot,2021-22,2,0,1,0,1692.0,6000.0,6000.0,0,1,3846.0,3846.0,-0.718,-0.718,0.9994089834515366,2,7.4342573821331355,2721.0,1692.0
70,"Baba Pyara Caves, Junagadh & Khaprakodia Caves Junagadh",Rajkot,2022-23,3,0,0,1,2721.0,1692.0,6000.0,0,0,2206.5,3471.0,0.6081560283687943,0.6081560283687943,0.9977949283351709,3,7.909122183211411,2818.0,2721.0
70,"Baba Pyara Caves, Junagadh & Khaprakodia Caves Junagadh",Rajkot,2023-24,4,0,0,1,2818.0,2721.0,1692.0,0,0,2769.5,2410.3333333333335,0.0356486585814039,0.0356486585814039,0.9968062455642299,3,7.9441374911141125,2906.0,2818.0
70,"Baba Pyara Caves, Junagadh & Khaprakodia Caves Junagadh",Rajkot,2024-25,5,0,0,1,2906.0,2818.0,2721.0,0,0,2862.0,2815.0,0.031227821149751596,0.031227821149751596,0.996214728148658,3,7.9748769005588755,3347.0,2906.0
46,"Badal Mahal Gateway, Chanderi",Bhopal,2020-21,1,1,0,0,13797.0,13797.0,13797.0,1,1,13797.0,13797.0,0.0,0.0,0.9935493223164455,1,9.532278933106054,9694.0,13797.0
46,"Badal Mahal Gateway, Chanderi",Bhopal,2021-22,2,0,1,0,9694.0,13797.0,13797.0,0,1,11745.5,11745.5,-0.29738348916431107,-0.29738348916431107,0.999484217041469,2,9.179365567676752,11033.0,9694.0
46,"Badal Mahal Gateway, Chanderi",Bhopal,2022-23,3,0,0,1,11033.0,9694.0,13797.0,0,0,10363.5,11508.0,0.13812667629461522,0.13812667629461522,0.9994561769237741,3,9.308736693832376,8688.0,11033.0
46,"Badal Mahal Gateway, Chanderi",Bhopal,2023-24,4,0,0,1,8688.0,11033.0,9694.0,0,0,9860.5,9805.0,-0.21254418562494334,-0.21254418562494334,0.9941298342541437,3,9.069813136839207,2896.0,8688.0
46,"Badal Mahal Gateway, Chanderi",Bhopal,2024-25,5,0,0,1,2896.0,8688.0,11033.0,0,0,5792.0,7539.0,-0.6666666666666666,-0.6666666666666666,0.9968922651933702,3,7.9714309977693505,14732.0,2896.0
126,Chittaurgarh Fort,Jodhpur,2020-21,1,1,0,0,580321.0,580321.0,580321.0,1,1,580321.0,580321.0,0.0,0.0,0.9738282777979773,1,13.271338400885204,223534.0,580321.0
126,Chittaurgarh Fort,Jodhpur,2021-22,2,0,1,0,223534.0,580321.0,580321.0,0,1,401927.5,401927.5,-0.6148097346123955,-0.6148097346123955,0.9990784399688638,2,12.317323280327903,590677.0,223534.0
126,Chittaurgarh Fort,Jodhpur,2022-23,3,0,0,1,590677.0,223534.0,580321.0,0,0,407105.5,464844.0,1.6424481286963057,1.6424481286963057,0.9995124238797177,3,13.289026308653895,809962.0,590677.0
126,Chittaurgarh Fort,Jodhpur,2023-24,4,0,0,1,809962.0,590677.0,223534.0,0,0,700319.5,541391.0,0.3712435053337103,0.3712435053337103,0.9911662522439324,3,13.604743846592958,900336.0,809962.0
126,Chittaurgarh Fort,Jodhpur,2024-25,5,0,0,1,900336.0,809962.0,590677.0,0,0,855149.0,766991.6666666666,0.11157807403310278,0.11157807403310278,0.9854298839544348,3,13.710524416664066,1070173.0,900336.0
64,Cooch Bihar Palace,Raiganj,2020-21,1,1,0,0,465605.0,465605.0,465605.0,1,1,465605.0,465605.0,0.0,0.0,0.999888317350544,1,13.051095061914271,126296.0,465605.0
64,Cooch Bihar Palace,Raiganj,2022-23,3,0,0,1,2287338.0,126296.0,465605.0,0,0,1206817.0,959746.3333333334,17.11092987901438,17.11092987901438,0.9999291753120877,3,14.642899691141187,608874.0,2287338.0
64,Cooch Bihar Palace,Raiganj,2023-24,4,0,0,1,608874.0,2287338.0,126296.0,0,0,1448106.0,1007502.6666666666,-0.7338067220498239,-0.7338067220498239,0.9998390471591824,3,13.319368271108845,685366.0,608874.0
64,Cooch Bihar Palace,Raiganj,2024-25,5,0,0,1,685366.0,608874.0,2287338.0,0,0,647120.0,1193859.3333333333,0.1256286193859485,0.1256286193859485,0.9997811388367676,3,13.437709740196132,682704.0,685366.0
60,Daryia Daulat Baghtna,Bangalore,2020-21,1,1,0,0,660576.0,660576.0,660576.0,1,1,660576.0,660576.0,0.0,0.0,0.9787821537567214,1,13.400868974499524,89312.0,660576.0
60,Daryia Daulat Baghtna,Bangalore,2021-22,2,0,1,0,89312.0,660576.0,660576.0,0,1,374944.0,374944.0,-0.8647967834132636,-0.8647967834132636,0.9965738086707273,2,11.399902332977057,143826.0,89312.0
60,Daryia Daulat Baghtna,Bangalore,2022-23,3,0,0,1,143826.0,89312.0,660576.0,0,0,116569.0,297904.6666666667,0.6103771049802938,0.6103771049802938,0.9938050143923908,3,11.876366467423095,445373.0,143826.0
60,Daryia Daulat Baghtna,Bangalore,2023-24,4,0,0,1,445373.0,143826.0,89312.0,0,0,294599.5,226170.33333333334,2.0966097923880245,2.0966097923880245,0.9806589083756762,3,13.006669657606711,560101.0,445373.0
60,Daryia Daulat Baghtna,Bangalore,2024-25,5,0,0,1,560101.0,445373.0,143826.0,0,0,502737.0,383100.0,0.2575998095977978,0.2575998095977978,0.9774665640661238,3,13.235874188982478,515236.0,560101.0
108,Qutub Minar,Delhi,2020-21,1,1,0,0,2303464.0,2303464.0,2303464.0,1,1,2303464.0,2303464.0,0.0,0.0,0.8891591099318245,1,14.649925068973085,478912.0,2303464.0
108,Qutub Minar,Delhi,2021-22,2,0,1,0,478912.0,2303464.0,2303464.0,0,1,1391188.0,1391188.0,-0.7920905210587185,-0.7920905210587185,0.9940510991580916,2,13.079274231504135,1166120.0,478912.0
108,Qutub Minar,Delhi,2022-23,3,0,0,1,1166120.0,478912.0,2303464.0,0,0,822516.0,1316165.3333333333,1.4349358546037685,1.4349358546037685,0.9927486022021748,3,13.969193414093374,1882795.0,1166120.0
108,Qutub Minar,Delhi,2023-24,4,0,0,1,1882795.0,1166120.0,478912.0,0,0,1524457.5,1175942.3333333333,0.6145808321613556,0.6145808321613556,0.9387894061753935,3,14.448268464011436,3343660.0,1882795.0
108,Qutub Minar,Delhi,2024-25,5,0,0,1,3343660.0,1882795.0,1166120.0,0,0,2613227.5,2130858.3333333335,0.7759023154406083,0.7759023154406083,0.9341987522654815,3,15.02257687244979,3424804.0,3343660.0
93,Raigad Fort,Mumbai,2020-21,1,1,0,0,218420.0,218420.0,218420.0,1,1,218420.0,218420.0,0.0,0.0,0.9996245765039832,1,12.294179672076556,76438.0,218420.0
93,Raigad Fort,Mumbai,2021-22,2,0,1,0,76438.0,218420.0,218420.0,0,1,147429.0,147429.0,-0.6500412050178556,-0.6500412050178556,1.0,2,11.244248316112698,172070.0,76438.0
93,Raigad Fort,Mumbai,2022-23,3,0,0,1,172070.0,76438.0,218420.0,0,0,124254.0,155642.66666666666,1.2511054711007614,1.2511054711007614,0.999930260940315,3,12.055662461318624,297126.0,172070.0
93,Raigad Fort,Mumbai,2023-24,4,0,0,1,297126.0,172070.0,76438.0,0,0,234598.0,181878.0,0.7267739873307375,0.7267739873307375,0.9996735391719338,3,12.60191493581359,219657.0,297126.0
93,Raigad Fort,Mumbai,2024-25,5,0,0,1,219657.0,297126.0,172070.0,0,0,258391.5,229617.66666666666,-0.2607277720562993,-0.2607277720562993,0.9995401922087619,3,12.299827070320463,341086.0,219657.0
30,"Fort, St. George",Chennai,2024-25,5,0,0,1,29728.0,29728.0,29728.0,1,1,29728.0,29728.0,0.0,0.0,0.8158638320775027,1,10.299878279368585,31977.0,29728.0
63,Fortress and Temple Chitradurga Fort,Bangalore,2020-21,1,1,0,0,339435.0,339435.0,339435.0,1,1,339435.0,339435.0,0.0,0.0,0.996774050996509,1,12.73504069569176,145159.0,339435.0
63,Fortress and Temple Chitradurga Fort,Bangalore,2021-22,2,0,1,0,145159.0,339435.0,339435.0,0,1,242297.0,242297.0,-0.5723511128787544,-0.5723511128787544,0.9979539677181574,2,11.885591861327006,211302.0,145159.0
63,Fortress and Temple Chitradurga Fort,Bangalore,2022-23,3,0,0,1,211302.0,145159.0,339435.0,0,0,178230.5,231965.33333333334,0.45565896706370257,0.45565896706370257,0.9961240310077519,3,12.261048401326361,409523.0,211302.0
63,Fortress and Temple Chitradurga Fort,Bangalore,2023-24,4,0,0,1,409523.0,211302.0,145159.0,0,0,310412.5,255328.0,0.9380933450700892,0.9380933450700892,0.9955826656866648,3,12.922750788616485,449137.0,409523.0
63,Fortress and Temple Chitradurga Fort,Bangalore,2024-25,5,0,0,1,449137.0,409523.0,211302.0,0,0,429330.0,356654.0,0.09673205167963704,0.09673205167963704,0.9942823681860992,3,13.015085469168083,384173.0,449137.0
99,Gawilgarh Fort,Nagpur,2020-21,1,1,0,0,43806.0,43806.0,43806.0,1,1,43806.0,43806.0,0.0,0.0,0.9997488928457289,1,10.687548900946704,5.0,43806.0
99,Gawilgarh Fort,Nagpur,2021-22,2,0,1,0,5.0,43806.0,43806.0,0,1,21905.5,21905.5,-0.9998858603844222,-0.9998858603844222,1.0,2,1.791759469228055,9224.0,5.0
99,Gawilgarh Fort,Nagpur,2022-23,3,0,0,1,9224.0,5.0,43806.0,0,0,4614.5,17678.333333333332,1843.8,1843.8,0.9994579358196011,3,9.129672468908728,22793.0,9224.0
99,Gawilgarh Fort,Nagpur,2023-24,4,0,0,1,22793.0,9224.0,5.0,0,0,16008.5,10674.0,1.4710537727666955,1.4710537727666955,0.9992980300969596,3,10.03425262241568,29869.0,22793.0
99,Gawilgarh Fort,Nagpur,2024-25,5,0,0,1,29869.0,22793.0,9224.0,0,0,26331.0,20628.666666666668,0.31044618961962006,0.31044618961962006,0.9990960527637349,3,10.304609911210155,21615.0,29869.0
124,Baori at Abhaneri,Jaipur,2020-21,1,1,0,0,152553.0,152553.0,152553.0,1,1,152553.0,152553.0,0.0,0.0,0.4380182625054899,1,11.93527391071223,44399.0,152553.0
124,Baori at Abhaneri,Jaipur,2021-22,2,0,1,0,44399.0,152553.0,152553.0,0,1,98476.0,98476.0,-0.708960164664084,-0.708960164664084,0.9974098515732336,2,10.700994748420316,58698.0,44399.0
124,Baori at Abhaneri,Jaipur,2022-23,3,0,0,1,58698.0,44399.0,152553.0,0,0,51548.5,85216.66666666667,0.3220568030811505,0.3220568030811505,0.9860812974888412,3,10.98017796989595,120649.0,58698.0
124,Baori at Abhaneri,Jaipur,2023-24,4,0,0,1,120649.0,58698.0,44399.0,0,0,89673.5,74582.0,1.055419264710893,1.055419264710893,0.6746927036278793,3,11.700649071053178,196548.0,120649.0
124,Baori at Abhaneri,Jaipur,2024-25,5,0,0,1,196548.0,120649.0,58698.0,0,0,158598.5,125298.33333333333,0.6290893418097124,0.6290893418097124,0.5111626676435272,3,12.188667043073137,218088.0,196548.0
10,Site of Sahet Mahet,Lucknow,2020-21,1,1,0,0,88225.0,88225.0,88225.0,1,1,88225.0,88225.0,0.0,0.0,0.8455313119863984,1,11.387656983134944,27236.0,88225.0
10,Site of Sahet Mahet,Lucknow,2021-22,2,0,1,0,27236.0,88225.0,88225.0,0,1,57730.5,57730.5,-0.6912893170869935,-0.6912893170869935,0.9987149361139668,2,10.212331622039867,52102.0,27236.0
10,Site of Sahet Mahet,Lucknow,2022-23,3,0,0,1,52102.0,27236.0,88225.0,0,0,39669.0,55854.333333333336,0.9129828168600382,0.9129828168600382,0.9941269049172776,3,10.8609778076576,137150.0,52102.0
10,Site of Sahet Mahet,Lucknow,2023-24,4,0,0,1,137150.0,52102.0,27236.0,0,0,94626.0,72162.66666666667,1.6323365705731065,1.6323365705731065,0.6838497994896099,3,11.82883778762608,180088.0,137150.0
10,Site of Sahet Mahet,Lucknow,2024-25,5,0,0,1,180088.0,137150.0,52102.0,0,0,158619.0,123113.33333333333,0.313073277433467,0.313073277433467,0.6050819599307006,3,12.101206452119415,178657.0,180088.0
104,Sultan Garhi Tomb,Delhi,2020-21,1,1,0,0,536.0,536.0,536.0,1,1,536.0,536.0,0.0,0.0,0.9888059701492538,1,6.285998094508865,23202.0,536.0
104,Sultan Garhi Tomb,Delhi,2021-22,2,0,1,0,23202.0,536.0,536.0,0,1,11869.0,11869.0,42.28731343283582,42.28731343283582,0.9899577622618739,2,10.052036859639367,304.0,23202.0
104,Sultan Garhi Tomb,Delhi,2022-23,3,0,0,1,304.0,23202.0,536.0,0,0,11753.0,8014.0,-0.9868976812343764,-0.9868976812343764,0.9835526315789473,3,5.720311776607412,2114.0,304.0
104,Sultan Garhi Tomb,Delhi,2023-24,4,0,0,1,2114.0,304.0,23202.0,0,0,1209.0,8540.0,5.953947368421052,5.953947368421052,0.9981078524124882,3,7.656810091480378,138.0,2114.0
104,Sultan Garhi Tomb,Delhi,2024-25,5,0,0,1,138.0,2114.0,304.0,0,0,1126.0,852.0,-0.934720908230842,-0.934720908230842,0.9565217391304348,3,4.9344739331306915,683.0,138.0
75,"Sun Temple, Konarak",Bhubaneswar,2020-21,1,1,0,0,2002721.0,2002721.0,2002721.0,1,1,2002721.0,2002721.0,0.0,0.0,0.9973565963506649,1,14.510017813203199,531028.0,2002721.0
75,"Sun Temple, Konarak",Bhubaneswar,2021-22,2,0,1,0,531028.0,2002721.0,2002721.0,0,1,1266874.5,1266874.5,-0.7348467410088575,-0.7348467410088575,0.9997325941381622,2,13.18257191266876,673205.0,531028.0
75,"Sun Temple, Konarak",Bhubaneswar,2022-23,3,0,0,1,673205.0,531028.0,2002721.0,0,0,602116.5,1068984.6666666667,0.26773917759515503,0.26773917759515503,0.9995335744684012,3,13.419806653915042,2408915.0,673205.0
75,"Sun Temple, Konarak",Bhubaneswar,2023-24,4,0,0,1,2408915.0,673205.0,531028.0,0,0,1541060.0,1204382.6666666667,2.5782785332848093,2.5782785332848093,0.9985022302571904,3,14.694687411748713,3201973.0,2408915.0
75,"Sun Temple, Konarak",Bhubaneswar,2024-25,5,0,0,1,3201973.0,2408915.0,673205.0,0,0,2805444.0,2094697.6666666667,0.32921792591270344,0.32921792591270344,0.998416601264283,3,14.979278052580783,3576348.0,3201973.0
23,"Bekal Fort, Pallikkare Distt. Kasargod",Thrissur,2020-21,1,1,0,0,335574.0,335574.0,335574.0,1,1,335574.0,335574.0,0.0,0.0,0.9978305828222687,1,12.723600757355836,115575.0,335574.0
23,"Bekal Fort, Pallikkare Distt. Kasargod",Thrissur,2021-22,2,0,1,0,115575.0,335574.0,335574.0,0,1,225574.5,225574.5,-0.655590123191904,-0.655590123191904,0.9979061215660826,2,11.657683601209218,200260.0,115575.0
23,"Bekal Fort, Pallikkare Distt. Kasargod",Thrissur,2022-23,3,0,0,1,200260.0,115575.0,335574.0,0,0,157917.5,217136.33333333334,0.7327276660177374,0.7327276660177374,0.9993358633776092,3,12.207376794757765,384506.0,200260.0
23,"Bekal Fort, Pallikkare Distt. Kasargod",Thrissur,2023-24,4,0,0,1,384506.0,200260.0,115575.0,0,0,292383.0,233447.0,0.9200339558573853,0.9200339558573853,0.9987048316541224,3,12.859717273223756,367439.0,384506.0
23,"Bekal Fort, Pallikkare Distt. Kasargod",Thrissur,2024-25,5,0,0,1,367439.0,384506.0,200260.0,0,0,375972.5,317401.6666666667,-0.044386823612635434,-0.044386823612635434,0.9985466975470758,3,12.814315318999675,375282.0,367439.0
59,Bellary Fort,Hampi,2020-21,1,1,0,0,28779.0,28779.0,28779.0,1,1,28779.0,28779.0,0.0,0.0,0.998054136696897,1,10.267435980441359,11078.0,28779.0
59,Bellary Fort,Hampi,2021-22,2,0,1,0,11078.0,28779.0,28779.0,0,1,19928.5,19928.5,-0.6150665415754544,-0.6150665415754544,0.9991875789853765,2,9.312806703520673,17278.0,11078.0
59,Bellary Fort,Hampi,2022-23,3,0,0,1,17278.0,11078.0,28779.0,0,0,14178.0,19045.0,0.5596678100740206,0.5596678100740206,0.9991318439634217,3,9.757247170313121,14415.0,17278.0
59,Bellary Fort,Hampi,2023-24,4,0,0,1,14415.0,17278.0,11078.0,0,0,15846.5,14257.0,-0.16570204884824632,-0.16570204884824632,0.9990981616371835,3,9.57609397984812,38310.0,14415.0
59,Bellary Fort,Hampi,2024-25,5,0,0,1,38310.0,14415.0,17278.0,0,0,26362.5,23334.333333333332,1.6576482830385015,1.6576482830385015,0.9989558861915949,3,10.55349234019923,37454.0,38310.0
102,Sheikj Chillis Tomb,Chandigarh,2020-21,1,1,0,0,39809.0,39809.0,39809.0,1,1,39809.0,39809.0,0.0,0.0,0.9988444824034766,1,10.591873415994362,30367.0,39809.0
102,Sheikj Chillis Tomb,Chandigarh,2021-22,2,0,1,0,30367.0,39809.0,39809.0,0,1,35088.0,35088.0,-0.23718254666030295,-0.23718254666030295,0.9975302137188395,2,10.321144701409654,53098.0,30367.0
102,Sheikj Chillis Tomb,Chandigarh,2022-23,3,0,0,1,53098.0,30367.0,39809.0,0,0,41732.5,41091.333333333336,0.7485428260941154,0.7485428260941154,0.9972315341444122,3,10.879913374660985,70618.0,53098.0
102,Sheikj Chillis Tomb,Chandigarh,2023-24,4,0,0,1,70618.0,53098.0,30367.0,0,0,61858.0,51361.0,0.3299559305435233,0.3299559305435233,0.9959500410660171,3,11.165054509087586,75075.0,70618.0
102,Sheikj Chillis Tomb,Chandigarh,2024-25,5,0,0,1,75075.0,70618.0,53098.0,0,0,72846.5,66263.66666666667,0.06311422017049477,0.06311422017049477,0.9953912753912754,3,11.226256212776141,81806.0,75075.0
134,Sher Shah’s Tomb,Patna,2021-22,2,0,1,0,95051.0,208330.0,208330.0,0,1,151690.5,151690.5,-0.5437478999663995,-0.5437478999663995,1.0,2,11.46217938925228,166283.0,95051.0
134,Sher Shah’s Tomb,Patna,2022-23,3,0,0,1,166283.0,95051.0,208330.0,0,0,130667.0,156554.66666666666,0.7494082124333252,0.7494082124333252,0.9998977646542341,3,12.021452448886716,261607.0,166283.0
134,Sher Shah’s Tomb,Patna,2023-24,4,0,0,1,261607.0,166283.0,95051.0,0,0,213945.0,174313.66666666666,0.5732636529290427,0.5732636529290427,0.9997744708666052,3,12.474602479137346,302682.0,261607.0
134,Sher Shah’s Tomb,Patna,2024-25,5,0,0,1,302682.0,261607.0,166283.0,0,0,282144.5,243524.0,0.15701032464727627,0.15701032464727627,0.9994912152027541,3,12.620441332216984,311981.0,302682.0
71,Champaner Monuments Pavagadh,Vadodara,2020-21,1,1,0,0,61350.0,61350.0,61350.0,1,1,61350.0,61350.0,0.0,0.0,0.9682477587612062,1,11.024366749924715,39095.0,61350.0
71,Champaner Monuments Pavagadh,Vadodara,2021-22,2,0,1,0,39095.0,61350.0,61350.0,0,1,50222.5,50222.5,-0.36275468622656887,-0.36275468622656887,0.9979281238009976,2,10.57377543894999,61346.0,39095.0
71,Champaner Monuments Pavagadh,Vadodara,2022-23,3,0,0,1,61346.0,39095.0,61350.0,0,0,50220.5,53930.333333333336,0.5691520654815194,0.5691520654815194,0.9992990578032798,3,11.024301549187925,66353.0,61346.0
71,Champaner Monuments Pavagadh,Vadodara,2023-24,4,0,0,1,66353.0,61346.0,39095.0,0,0,63849.5,55598.0,0.08161901346461058,0.08161901346461058,0.9878528476481847,3,11.102759324303415,58437.0,66353.0
71,Champaner Monuments Pavagadh,Vadodara,2024-25,5,0,0,1,58437.0,66353.0,61346.0,0,0,62395.0,62045.333333333336,-0.11930131267614125,-0.11930131267614125,0.96984787035611,3,10.975721642144173,53941.0,58437.0
16,Rani Jhansi Fort,Jhansi,2020-21,1,1,0,0,361999.0,361999.0,361999.0,1,1,361999.0,361999.0,0.0,0.0,0.998052480807958,1,12.799399490807907,174729.0,361999.0
16,Rani Jhansi Fort,Jhansi,2021-22,2,0,1,0,174729.0,361999.0,361999.0,0,1,268364.0,268364.0,-0.5173218710548925,-0.5173218710548925,0.9993876231192304,2,12.070997204333084,310291.0,174729.0
16,Rani Jhansi Fort,Jhansi,2022-23,3,0,0,1,310291.0,174729.0,361999.0,0,0,242510.0,282339.6666666667,0.7758414458962164,0.7758414458962164,0.9998130786906485,3,12.645269068602351,410114.0,310291.0
16,Rani Jhansi Fort,Jhansi,2023-24,4,0,0,1,410114.0,310291.0,174729.0,0,0,360202.5,298378.0,0.32170768729998617,0.32170768729998617,0.9992880028479886,3,12.924192887156018,471335.0,410114.0
16,Rani Jhansi Fort,Jhansi,2024-25,5,0,0,1,471335.0,410114.0,310291.0,0,0,440724.5,397246.6666666667,0.14927800562770352,0.14927800562770352,0.9987036820944764,3,13.063326494463169,521761.0,471335.0
73,"Rani Ki- Vav, Patan",Vadodara,2020-21,1,1,0,0,340950.0,340950.0,340950.0,1,1,340950.0,340950.0,0.0,0.0,0.9888077430708315,1,12.739494050925874,97043.0,340950.0
73,"Rani Ki- Vav, Patan",Vadodara,2021-22,2,0,1,0,97043.0,340950.0,340950.0,0,1,218996.5,218996.5,-0.7153746883707288,-0.7153746883707288,0.9985264264295209,2,11.482919762883823,268856.0,97043.0
73,"Rani Ki- Vav, Patan",Vadodara,2022-23,3,0,0,1,268856.0,97043.0,340950.0,0,0,182949.5,235616.33333333334,1.7704831878651732,1.7704831878651732,0.999151962388788,3,12.50193491872238,354014.0,268856.0
73,"Rani Ki- Vav, Patan",Vadodara,2023-24,4,0,0,1,354014.0,268856.0,97043.0,0,0,311435.0,239971.0,0.3167420477876633,0.3167420477876633,0.9936527933923517,3,12.777094564099562,369528.0,354014.0
73,"Rani Ki- Vav, Patan",Vadodara,2024-25,5,0,0,1,369528.0,354014.0,268856.0,0,0,361771.0,330799.3333333333,0.04382312563909902,0.04382312563909902,0.9901604208612067,3,12.819984500729081,371745.0,369528.0
15,Rani Lakshmi Bai Mahal,Jhansi,2020-21,1,1,0,0,16004.0,16004.0,16004.0,1,1,16004.0,16004.0,0.0,0.0,0.9968757810547363,1,9.680656452403964,5717.0,16004.0
15,Rani Lakshmi Bai Mahal,Jhansi,2021-22,2,0,1,0,5717.0,16004.0,16004.0,0,1,10860.5,10860.5,-0.6427768057985503,-0.6427768057985503,0.9991254154276719,2,8.651374372882257,10836.0,5717.0
15,Rani Lakshmi Bai Mahal,Jhansi,2022-23,3,0,0,1,10836.0,5717.0,16004.0,0,0,8276.5,10852.333333333334,0.8953996851495539,0.8953996851495539,1.0,3,9.290721483922995,15497.0,10836.0
15,Rani Lakshmi Bai Mahal,Jhansi,2023-24,4,0,0,1,15497.0,10836.0,5717.0,0,0,13166.5,10683.333333333334,0.430140273163529,0.430140273163529,0.9982577273020584,3,9.648466262323895,23125.0,15497.0
15,Rani Lakshmi Bai Mahal,Jhansi,2024-25,5,0,0,1,23125.0,15497.0,10836.0,0,0,19311.0,16486.0,0.49222430147770535,0.49222430147770535,0.9981405405405406,3,10.048712804688908,26402.0,23125.0
144,Chandragiri Monuments,Amaravati,2020-21,1,1,0,0,103598.0,103598.0,103598.0,1,1,103598.0,103598.0,0.0,0.0,0.9989478561362188,1,11.548282956251281,51151.0,103598.0
144,Chandragiri Monuments,Amaravati,2021-22,2,0,1,0,51151.0,103598.0,103598.0,0,1,77374.5,77374.5,-0.5062549470066989,-0.5062549470066989,0.9992571015229419,2,10.842556871299623,80222.0,51151.0
144,Chandragiri Monuments,Amaravati,2022-23,3,0,0,1,80222.0,51151.0,103598.0,0,0,65686.5,78323.66666666667,0.5683368849093859,0.5683368849093859,0.9995886415197826,3,11.292565535782604,115756.0,80222.0
144,Chandragiri Monuments,Amaravati,2023-24,4,0,0,1,115756.0,80222.0,51151.0,0,0,97989.0,82376.33333333333,0.44294582533469623,0.44294582533469623,0.9993088911157952,3,11.659248445281918,123297.0,115756.0
144,Chandragiri Monuments,Amaravati,2024-25,5,0,0,1,123297.0,115756.0,80222.0,0,0,119526.5,106425.0,0.06514565119734614,0.06514565119734614,0.9992132817505698,3,11.722359468420718,112531.0,123297.0
120,Charminar,Hyderabad,2020-21,1,1,0,0,1159736.0,1159736.0,1159736.0,1,1,1159736.0,1159736.0,0.0,0.0,0.9932717446039443,1,13.963703813238814,297730.0,1159736.0
120,Charminar,Hyderabad,2021-22,2,0,1,0,297730.0,1159736.0,1159736.0,0,1,728733.0,728733.0,-0.7432777804603806,-0.7432777804603806,0.9993887078896987,2,12.603945673258725,441197.0,297730.0
120,Charminar,Hyderabad,2022-23,3,0,0,1,441197.0,297730.0,1159736.0,0,0,369463.5,632887.6666666666,0.4818694790582071,0.4818694790582071,0.9985312683449796,3,12.997249033259642,934794.0,441197.0
120,Charminar,Hyderabad,2023-24,4,0,0,1,934794.0,441197.0,297730.0,0,0,687995.5,557907.0,1.1187678066713962,1.1187678066713962,0.9935964501269798,3,13.748082532894838,1298114.0,934794.0
120,Charminar,Hyderabad,2024-25,5,0,0,1,1298114.0,934794.0,441197.0,0,0,1116454.0,891368.3333333334,0.3886631707092686,0.3886631707092686,0.9938063991298145,3,14.07642377016445,1353065.0,1298114.0
7,Ram Bagh,Agra,2020-21,1,1,0,0,84406.0,84406.0,84406.0,1,1,84406.0,84406.0,0.0,0.0,0.9957941378574983,1,11.343405615533475,18653.0,84406.0
7,Ram Bagh,Agra,2021-22,2,0,1,0,18653.0,84406.0,84406.0,0,1,51529.5,51529.5,-0.7790086012842689,-0.7790086012842689,0.9971050233206454,2,9.833815879286808,31060.0,18653.0
7,Ram Bagh,Agra,2022-23,3,0,0,1,31060.0,18653.0,84406.0,0,0,24856.5,44706.333333333336,0.6651476974213263,0.6651476974213263,0.996941403734707,3,10.343708291934567,69330.0,31060.0
7,Ram Bagh,Agra,2023-24,4,0,0,1,69330.0,31060.0,18653.0,0,0,50195.0,39681.0,1.2321313586606568,1.2321313586606568,0.9734458387422472,3,11.146647415602889,58865.0,69330.0
7,Ram Bagh,Agra,2024-25,5,0,0,1,58865.0,69330.0,31060.0,0,0,64097.5,53085.0,-0.1509447569594692,-0.1509447569594692,0.9647838274016818,3,10.983018953391445,46253.0,58865.0
116,Ranghar Pavillion Jaisagar Ruins,Guwahati,2020-21,1,1,0,0,69609.0,69609.0,69609.0,1,1,69609.0,69609.0,0.0,0.0,0.9921561866999957,1,11.150663514162712,34014.0,69609.0
116,Ranghar Pavillion Jaisagar Ruins,Guwahati,2021-22,2,0,1,0,34014.0,69609.0,69609.0,0,1,51811.5,51811.5,-0.5113562901348964,-0.5113562901348964,0.9977950255777033,2,10.43455688277916,39233.0,34014.0
116,Ranghar Pavillion Jaisagar Ruins,Guwahati,2022-23,3,0,0,1,39233.0,34014.0,69609.0,0,0,36623.5,47618.666666666664,0.15343682013288645,0.15343682013288645,0.9994392475721968,3,10.577298996789331,157323.0,39233.0
116,Ranghar Pavillion Jaisagar Ruins,Guwahati,2023-24,4,0,0,1,157323.0,39233.0,34014.0,0,0,98278.0,76856.66666666667,3.0099660999668645,3.0099660999668645,0.9967010545184112,3,11.966062652106062,163842.0,157323.0
116,Ranghar Pavillion Jaisagar Ruins,Guwahati,2024-25,5,0,0,1,163842.0,157323.0,39233.0,0,0,160582.5,120132.66666666667,0.04143704353463893,0.04143704353463893,0.9958496600383296,3,12.006663931212518,173071.0,163842.0
48,Bir Singh Palace Datia,Bhopal,2020-21,1,1,0,0,24118.0,24118.0,24118.0,1,1,24118.0,24118.0,0.0,0.0,0.9694833734140476,1,10.09075519061184,14057.0,24118.0
48,Bir Singh Palace Datia,Bhopal,2021-22,2,0,1,0,14057.0,24118.0,24118.0,0,1,19087.5,19087.5,-0.41715730989302596,-0.41715730989302596,0.9991463327879349,2,9.55094690773585,26335.0,14057.0
48,Bir Singh Palace Datia,Bhopal,2022-23,3,0,0,1,26335.0,14057.0,24118.0,0,0,20196.0,21503.333333333332,0.8734438358113396,0.8734438358113396,0.9988988038731725,3,10.178692103476797,42888.0,26335.0
48,Bir Singh Palace Datia,Bhopal,2023-24,4,0,0,1,42888.0,26335.0,14057.0,0,0,34611.5,27760.0,0.6285551547370419,0.6285551547370419,0.989903935832867,3,10.666370661780968,44604.0,42888.0
48,Bir Singh Palace Datia,Bhopal,2024-25,5,0,0,1,44604.0,42888.0,26335.0,0,0,43746.0,37942.333333333336,0.0400111919418019,0.0400111919418019,0.9828939108600125,3,10.705601239347883,43386.0,44604.0
117,Bishnudol Temple,Guwahati,2020-21,1,1,0,0,21180.0,21180.0,21180.0,1,1,21180.0,21180.0,0.0,0.0,0.9944287063267233,1,9.960859832393998,2921.0,21180.0
117,Bishnudol Temple,Guwahati,2021-22,2,0,1,0,2921.0,21180.0,21180.0,0,1,12050.5,12050.5,-0.8620868744098206,-0.8620868744098206,1.0,2,7.980023592310645,2608.0,2921.0
117,Bishnudol Temple,Guwahati,2022-23,3,0,0,1,2608.0,2921.0,21180.0,0,0,2764.5,8903.0,-0.10715508387538514,-0.10715508387538514,0.9992331288343558,3,7.866722285136729,7485.0,2608.0
117,Bishnudol Temple,Guwahati,2023-24,4,0,0,1,7485.0,2608.0,2921.0,0,0,5046.5,4338.0,1.8700153374233128,1.8700153374233128,0.9957247828991316,3,8.920789888464375,6549.0,7485.0
117,Bishnudol Temple,Guwahati,2024-25,5,0,0,1,6549.0,7485.0,2608.0,0,0,7017.0,5547.333333333333,-0.1250501002004008,-0.1250501002004008,0.998473049320507,3,8.787220328629298,5801.0,6549.0
66,Bishnupur Temples,Kolkata,2020-21,1,1,0,0,155491.0,155491.0,155491.0,1,1,155491.0,155491.0,0.0,0.0,0.996752223601366,1,11.954349562332649,117344.0,155491.0
66,Bishnupur Temples,Kolkata,2021-22,2,0,1,0,117344.0,155491.0,155491.0,0,1,136417.5,136417.5,-0.24533252728453736,-0.24533252728453736,0.9979802972457049,2,11.67287359278729,112036.0,117344.0
66,Bishnupur Temples,Kolkata,2022-23,3,0,0,1,112036.0,117344.0,155491.0,0,0,114690.0,128290.33333333333,-0.04523452413416962,-0.04523452413416962,0.9980184940554822,3,11.626584452864183,186105.0,112036.0
66,Bishnupur Temples,Kolkata,2023-24,4,0,0,1,186105.0,112036.0,117344.0,0,0,149070.5,138495.0,0.6611178549751865,0.6611178549751865,0.9982751672442975,3,12.13407168284141,197455.0,186105.0
66,Bishnupur Temples,Kolkata,2024-25,5,0,0,1,197455.0,186105.0,112036.0,0,0,191780.0,165198.66666666666,0.060987077187609144,0.060987077187609144,0.9976500974905674,3,12.193271053692964,183663.0,197455.0
79,"Ruins of Buddhist Temples and Images, Lalitgiri",Bhubaneswar,2020-21,1,1,0,0,44962.0,44962.0,44962.0,1,1,44962.0,44962.0,0.0,0.0,0.9913482496330235,1,10.713595208320141,18367.0,44962.0
79,"Ruins of Buddhist Temples and Images, Lalitgiri",Bhubaneswar,2021-22,2,0,1,0,18367.0,44962.0,44962.0,0,1,31664.5,31664.5,-0.5914994884569191,-0.5914994884569191,0.9995644362171285,2,9.818365299119293,24621.0,18367.0
79,"Ruins of Buddhist Temples and Images, Lalitgiri",Bhubaneswar,2022-23,3,0,0,1,24621.0,18367.0,44962.0,0,0,21494.0,29316.666666666668,0.34050198725975933,0.34050198725975933,0.9894399090207546,3,10.11139563120756,36316.0,24621.0
79,"Ruins of Buddhist Temples and Images, Lalitgiri",Bhubaneswar,2023-24,4,0,0,1,36316.0,24621.0,18367.0,0,0,30468.5,26434.666666666668,0.47500101539336337,0.47500101539336337,0.9925927965634982,3,10.500041230184792,41587.0,36316.0
79,"Ruins of Buddhist Temples and Images, Lalitgiri",Bhubaneswar,2024-25,5,0,0,1,41587.0,36316.0,24621.0,0,0,38951.5,34174.666666666664,0.1451426368542791,0.1451426368542791,0.9904056556135331,3,10.63556694309786,52783.0,41587.0
111,Safdarjung Tomb,Delhi,2020-21,1,1,0,0,88915.0,88915.0,88915.0,1,1,88915.0,88915.0,0.0,0.0,0.8203115334870382,1,11.3954473828108,57168.0,88915.0
111,Safdarjung Tomb,Delhi,2021-22,2,0,1,0,57168.0,88915.0,88915.0,0,1,73041.5,73041.5,-0.3570488668953495,-0.3570488668953495,0.9931430170724881,2,10.953767072413589,75525.0,57168.0
111,Safdarjung Tomb,Delhi,2022-23,3,0,0,1,75525.0,57168.0,88915.0,0,0,66346.5,73869.33333333333,0.3211062132661629,0.3211062132661629,0.9916981132075472,3,11.232232246816007,148346.0,75525.0
111,Safdarjung Tomb,Delhi,2023-24,4,0,0,1,148346.0,75525.0,57168.0,0,0,111935.5,93679.66666666667,0.9641972856669977,0.9641972856669977,0.9597764685262832,3,11.907309403067575,159782.0,148346.0
111,Safdarjung Tomb,Delhi,2024-25,5,0,0,1,159782.0,148346.0,75525.0,0,0,154064.0,127884.33333333333,0.07709004624324214,0.07709004624324214,0.938854188832284,3,11.981571923676517,151887.0,159782.0
58,"Group of Monuments, Hampi",Hampi,2020-21,1,1,0,0,614244.0,614244.0,614244.0,1,1,614244.0,614244.0,0.0,0.0,0.9560337585715123,1,13.328149150342156,274083.0,614244.0
58,"Group of Monuments, Hampi",Hampi,2021-22,2,0,1,0,274083.0,614244.0,614244.0,0,1,444163.5,444163.5,-0.5537880711899505,-0.5537880711899505,0.9977123717997832,2,12.521189907730493,427194.0,274083.0
58,"Group of Monuments, Hampi",Hampi,2022-23,3,0,0,1,427194.0,274083.0,614244.0,0,0,350638.5,438507.0,0.5586300500213439,0.5586300500213439,0.997087974082033,3,12.964995862439778,825631.0,427194.0
58,"Group of Monuments, Hampi",Hampi,2023-24,4,0,0,1,825631.0,427194.0,274083.0,0,0,626412.5,508969.3333333333,0.9326839796439088,0.9326839796439088,0.9807541141260442,3,13.62390443264822,1012130.0,825631.0
58,"Group of Monuments, Hampi",Hampi,2024-25,5,0,0,1,1012130.0,825631.0,427194.0,0,0,918880.5,754985.0,0.22588662489659425,0.22588662489659425,0.9783278827818561,3,13.82756856709237,1008721.0,1012130.0
27,"Group of Monuments, Mamallapuram",Chennai,2020-21,1,1,0,0,1313780.0,1313780.0,1313780.0,1,1,1313780.0,1313780.0,0.0,0.0,0.9593371797409003,1,14.088419797469594,837290.0,1313780.0
27,"Group of Monuments, Mamallapuram",Chennai,2021-22,2,0,1,0,837290.0,1313780.0,1313780.0,0,1,1075535.0,1075535.0,-0.3626862945089741,-0.3626862945089741,0.9651912718412975,2,13.637926959299211,1149682.0,837290.0
27,"Group of Monuments, Mamallapuram",Chennai,2022-23,3,0,0,1,1149682.0,837290.0,1313780.0,0,0,993486.0,1100250.6666666667,0.3730989262979374,0.3730989262979374,0.993448623184498,3,13.954996810166476,1535241.0,1149682.0
27,"Group of Monuments, Mamallapuram",Chennai,2023-24,4,0,0,1,1535241.0,1149682.0,837290.0,0,0,1342461.5,1174071.0,0.33536143037813937,0.33536143037813937,0.9817403261116658,3,14.244198581300362,1256965.0,1535241.0
27,"Group of Monuments, Mamallapuram",Chennai,2024-25,5,0,0,1,1256965.0,1535241.0,1149682.0,0,0,1396103.0,1313962.6666666667,-0.18125883818892277,-0.18125883818892277,0.9642448278193904,3,14.044211438678325,1008464.0,1256965.0
41,"Group of Monuments, Royal Palace Mandu",Bhopal,2020-21,1,1,0,0,410729.0,410729.0,410729.0,1,1,410729.0,410729.0,0.0,0.0,0.9940909943052475,1,12.925691343295911,181996.0,410729.0
41,"Group of Monuments, Royal Palace Mandu",Bhopal,2021-22,2,0,1,0,181996.0,410729.0,410729.0,0,1,296362.5,296362.5,-0.5568951790596719,-0.5568951790596719,0.9992966878392932,2,12.111745482406594,344913.0,181996.0
41,"Group of Monuments, Royal Palace Mandu",Bhopal,2022-23,3,0,0,1,344913.0,181996.0,410729.0,0,0,263454.5,312546.0,0.8951680256708938,0.8951680256708938,0.9997332660699945,3,12.75105038957691,320073.0,344913.0
41,"Group of Monuments, Royal Palace Mandu",Bhopal,2023-24,4,0,0,1,320073.0,344913.0,181996.0,0,0,332493.0,282327.3333333333,-0.07201816110149516,-0.07201816110149516,0.9967913569716909,3,12.67630749804175,392322.0,320073.0
41,"Group of Monuments, Royal Palace Mandu",Bhopal,2024-25,5,0,0,1,392322.0,320073.0,344913.0,0,0,356197.5,352436.0,0.2257266311122775,0.2257266311122775,0.9958987770249947,3,12.879840759079615,373856.0,392322.0
28,Gingee Fort,Chennai,2020-21,1,1,0,0,108809.0,108809.0,108809.0,1,1,108809.0,108809.0,0.0,0.0,0.9840454374178607,1,11.597358520945058,127381.0,108809.0
28,Gingee Fort,Chennai,2021-22,2,0,1,0,127381.0,108809.0,108809.0,0,1,118095.0,118095.0,0.17068441029694234,0.17068441029694234,0.9821637449855158,2,11.754945724854068,189051.0,127381.0
28,Gingee Fort,Chennai,2022-23,3,0,0,1,189051.0,127381.0,108809.0,0,0,158216.0,141747.0,0.48413813677079,0.48413813677079,0.9970642842407604,3,12.149777388474968,181185.0,189051.0
28,Gingee Fort,Chennai,2023-24,4,0,0,1,181185.0,189051.0,127381.0,0,0,185118.0,165872.33333333334,-0.04160782011203326,-0.04160782011203326,0.9895355575792698,3,12.107279406912944,171463.0,181185.0
28,Gingee Fort,Chennai,2024-25,5,0,0,1,171463.0,181185.0,189051.0,0,0,176324.0,180566.33333333334,-0.053657863509672436,-0.053657863509672436,0.9898228772388212,3,12.052128611016968,150740.0,171463.0
55,"Gol-Gumbaz, Vijayapura",Dharwad,2020-21,1,1,0,0,815626.0,815626.0,815626.0,1,1,815626.0,815626.0,0.0,0.0,0.997936554254033,1,13.611712421597469,283331.0,815626.0
55,"Gol-Gumbaz, Vijayapura",Dharwad,2021-22,2,0,1,0,283331.0,815626.0,815626.0,0,1,549478.5,549478.5,-0.6526214220733523,-0.6526214220733523,0.9997352919376983,2,12.554374633904963,447890.0,283331.0
55,"Gol-Gumbaz, Vijayapura",Dharwad,2022-23,3,0,0,1,447890.0,283331.0,815626.0,0,0,365610.5,515615.6666666667,0.5808012536573831,0.5808012536573831,0.9994128022505526,3,13.012305178222578,831864.0,447890.0
55,"Gol-Gumbaz, Vijayapura",Dharwad,2023-24,4,0,0,1,831864.0,447890.0,283331.0,0,0,639877.0,521028.3333333333,0.8572953180468419,0.8572953180468419,0.9990923997191848,3,13.631425447022446,1007293.0,831864.0
55,"Gol-Gumbaz, Vijayapura",Dharwad,2024-25,5,0,0,1,1007293.0,831864.0,447890.0,0,0,919578.5,762349.0,0.2108866353153881,0.2108866353153881,0.9986419045898264,3,13.82277808539561,858659.0,1007293.0
121,Golkonda Fort,Hyderabad,2020-21,1,1,0,0,1650991.0,1650991.0,1650991.0,1,1,1650991.0,1650991.0,0.0,0.0,0.9875396050008752,1,14.316886877342373,528008.0,1650991.0
121,Golkonda Fort,Hyderabad,2021-22,2,0,1,0,528008.0,1650991.0,1650991.0,0,1,1089499.5,1089499.5,-0.6801872330012702,-0.6801872330012702,0.9982727534431296,2,13.176868607997672,948483.0,528008.0
121,Golkonda Fort,Hyderabad,2022-23,3,0,0,1,948483.0,528008.0,1650991.0,0,0,738245.5,1042494.0,0.7963421008772594,0.7963421008772594,0.9984069298026428,3,13.762620199474812,1538227.0,948483.0
121,Golkonda Fort,Hyderabad,2023-24,4,0,0,1,1538227.0,948483.0,528008.0,0,0,1243355.0,1004906.0,0.6217760360491438,0.6217760360491438,0.9925180093705286,3,14.246141662533942,1623924.0,1538227.0
121,Golkonda Fort,Hyderabad,2024-25,5,0,0,1,1623924.0,1538227.0,948483.0,0,0,1581075.5,1370211.3333333333,0.05571154322476461,0.05571154322476461,0.9902464647360344,3,14.300356616371317,1579482.0,1623924.0
98,Lohgad Fort,Mumbai,2020-21,1,1,0,0,162230.0,162230.0,162230.0,1,1,162230.0,162230.0,0.0,0.0,0.9964309930345805,1,11.99677652447347,31063.0,162230.0
98,Lohgad Fort,Mumbai,2021-22,2,0,1,0,31063.0,162230.0,162230.0,0,1,96646.5,96646.5,-0.8085249337360537,-0.8085249337360537,0.9993239545439913,2,10.343804871411503,86031.0,31063.0
98,Lohgad Fort,Mumbai,2022-23,3,0,0,1,86031.0,31063.0,162230.0,0,0,58547.0,93108.0,1.769565077423301,1.769565077423301,0.9993142006950982,3,11.36247459904946,276379.0,86031.0
98,Lohgad Fort,Mumbai,2023-24,4,0,0,1,276379.0,86031.0,31063.0,0,0,181205.0,131157.66666666666,2.2125512896514046,2.2125512896514046,0.9980678705690375,3,12.529532009357476,136997.0,276379.0
98,Lohgad Fort,Mumbai,2024-25,5,0,0,1,136997.0,276379.0,86031.0,0,0,206688.0,166469.0,-0.5043147272404922,-0.5043147272404922,0.9984890180076936,3,11.827721606163557,138650.0,136997.0
17,Lord Cornwallis Tomb,Sarnath,2020-21,1,1,0,0,18403.0,18403.0,18403.0,1,1,18403.0,18403.0,0.0,0.0,0.9953811878498071,1,9.82032331127536,5298.0,18403.0
17,Lord Cornwallis Tomb,Sarnath,2021-22,2,0,1,0,5298.0,18403.0,18403.0,0,1,11850.5,11850.5,-0.7121121556268,-0.7121121556268,0.9983012457531144,2,8.575273402492762,7100.0,5298.0
17,Lord Cornwallis Tomb,Sarnath,2022-23,3,0,0,1,7100.0,5298.0,18403.0,0,0,6199.0,10267.0,0.3401283503208758,0.3401283503208758,0.9980281690140845,3,8.867990898182093,9238.0,7100.0
17,Lord Cornwallis Tomb,Sarnath,2023-24,4,0,0,1,9238.0,7100.0,5298.0,0,0,8169.0,7212.0,0.3011267605633803,0.3011267605633803,0.9902576315219744,3,9.131188933670746,15133.0,9238.0
17,Lord Cornwallis Tomb,Sarnath,2024-25,5,0,0,1,15133.0,9238.0,7100.0,0,0,12185.5,10490.333333333334,0.6381251353106733,0.6381251353106733,0.991739906165334,3,9.624699147254466,25823.0,15133.0
128,Marble Pavillion and balustrade on the Ana Sagar Bund and ruins of the marble hammam behind the Ana Sagar Bund,Jodhpur,2020-21,1,1,0,0,241397.0,241397.0,241397.0,1,1,241397.0,241397.0,0.0,0.0,0.9995940297518197,1,12.394202302607106,131905.0,241397.0
128,Marble Pavillion and balustrade on the Ana Sagar Bund and ruins of the marble hammam behind the Ana Sagar Bund,Jodhpur,2021-22,2,0,1,0,131905.0,241397.0,241397.0,0,1,186651.0,186651.0,-0.4535764736098626,-0.4535764736098626,0.9989310488609227,2,11.789844826677635,456947.0,131905.0
128,Marble Pavillion and balustrade on the Ana Sagar Bund and ruins of the marble hammam behind the Ana Sagar Bund,Jodhpur,2022-23,3,0,0,1,456947.0,131905.0,241397.0,0,0,294426.0,276749.6666666667,2.4642128804821652,2.4642128804821652,0.999949665934999,3,13.032324877844287,709757.0,456947.0
128,Marble Pavillion and balustrade on the Ana Sagar Bund and ruins of the marble hammam behind the Ana Sagar Bund,Jodhpur,2023-24,4,0,0,1,709757.0,456947.0,131905.0,0,0,583352.0,432869.6666666667,0.5532589118650522,0.5532589118650522,0.9997520278067,3,13.472679345846192,547932.0,709757.0
128,Marble Pavillion and balustrade on the Ana Sagar Bund and ruins of the marble hammam behind the Ana Sagar Bund,Jodhpur,2024-25,5,0,0,1,547932.0,709757.0,456947.0,0,0,628844.5,571545.3333333334,-0.22800056920889825,-0.22800056920889825,0.999726243402466,3,13.213908295681728,370208.0,547932.0
11,Residency Buildings,Lucknow,2020-21,1,1,0,0,119715.0,119715.0,119715.0,1,1,119715.0,119715.0,0.0,0.0,0.9718748694816857,1,11.69287755011545,57231.0,119715.0
11,Residency Buildings,Lucknow,2021-22,2,0,1,0,57231.0,119715.0,119715.0,0,1,88473.0,88473.0,-0.5219396065655932,-0.5219396065655932,0.9993534972305219,2,10.9548684614988,111959.0,57231.0
11,Residency Buildings,Lucknow,2022-23,3,0,0,1,111959.0,57231.0,119715.0,0,0,84595.0,96301.66666666667,0.9562649612971991,0.9562649612971991,0.9988388606543467,3,11.62589694362939,154269.0,111959.0
11,Residency Buildings,Lucknow,2023-24,4,0,0,1,154269.0,111959.0,57231.0,0,0,133114.0,107819.66666666667,0.3779061978045535,0.3779061978045535,0.9884033733284069,3,11.946459593005985,172958.0,154269.0
11,Residency Buildings,Lucknow,2024-25,5,0,0,1,172958.0,154269.0,111959.0,0,0,163613.5,146395.33333333334,0.12114553150665396,0.12114553150665396,0.9793533690260063,3,12.060809851172696,160762.0,172958.0
47,Caves 1 to 20 Udaygiri Vidisha,Bhopal,2020-21,1,1,0,0,54287.0,54287.0,54287.0,1,1,54287.0,54287.0,0.0,0.0,0.986350323281817,1,10.90205848702401,11611.0,54287.0
47,Caves 1 to 20 Udaygiri Vidisha,Bhopal,2021-22,2,0,1,0,11611.0,54287.0,54287.0,0,1,32949.0,32949.0,-0.7861182235157589,-0.7861182235157589,0.9991387477392129,2,9.35979432514452,35572.0,11611.0
47,Caves 1 to 20 Udaygiri Vidisha,Bhopal,2022-23,3,0,0,1,35572.0,11611.0,54287.0,0,0,23591.5,33823.333333333336,2.063646542072173,2.063646542072173,0.9988192960755651,3,10.479342202122597,60980.0,35572.0
47,Caves 1 to 20 Udaygiri Vidisha,Bhopal,2023-24,4,0,0,1,60980.0,35572.0,11611.0,0,0,48276.0,36054.333333333336,0.7142696502867424,0.7142696502867424,0.9911610364053788,3,11.018317619227071,66118.0,60980.0
47,Caves 1 to 20 Udaygiri Vidisha,Bhopal,2024-25,5,0,0,1,66118.0,60980.0,35572.0,0,0,63549.0,54223.333333333336,0.08425713348638898,0.08425713348638898,0.989019631567803,3,11.099211427803652,69631.0,66118.0
91,"Caves, Temples and inscriptions, Karla",Mumbai,2020-21,1,1,0,0,221826.0,221826.0,221826.0,1,1,221826.0,221826.0,0.0,0.0,0.9906773777645542,1,12.3096530777792,51066.0,221826.0
91,"Caves, Temples and inscriptions, Karla",Mumbai,2021-22,2,0,1,0,51066.0,221826.0,221826.0,0,1,136446.0,136446.0,-0.7697925400989966,-0.7697925400989966,0.9995887674773822,2,10.840893775014358,156984.0,51066.0
91,"Caves, Temples and inscriptions, Karla",Mumbai,2022-23,3,0,0,1,156984.0,51066.0,221826.0,0,0,104025.0,143292.0,2.0741393490776643,2.0741393490776643,0.9990444886103043,3,11.9639055383648,303562.0,156984.0
91,"Caves, Temples and inscriptions, Karla",Mumbai,2023-24,4,0,0,1,303562.0,156984.0,51066.0,0,0,230273.0,170537.33333333334,0.9337129898588391,0.9337129898588391,0.9928515426832081,3,12.623344446194013,252277.0,303562.0
91,"Caves, Temples and inscriptions, Karla",Mumbai,2024-25,5,0,0,1,252277.0,303562.0,156984.0,0,0,277919.5,237607.66666666666,-0.16894407073349102,-0.16894407073349102,0.9926271519004903,3,12.438286933046781,189001.0,252277.0
103,Khan-I-Khana,Delhi,2020-21,1,1,0,0,1827.0,1827.0,1827.0,1,1,1827.0,1827.0,0.0,0.0,0.9753694581280788,1,7.510977752014095,3012.0,1827.0
103,Khan-I-Khana,Delhi,2021-22,2,0,1,0,3012.0,1827.0,1827.0,0,1,2419.5,2419.5,0.6486042692939245,0.6486042692939245,0.9966799468791501,2,8.0106915391303,3478.0,3012.0
103,Khan-I-Khana,Delhi,2022-23,3,0,0,1,3478.0,3012.0,1827.0,0,0,3245.0,2772.3333333333335,0.1547144754316069,0.1547144754316069,0.9913743530764807,3,8.154500175151941,4596.0,3478.0
103,Khan-I-Khana,Delhi,2023-24,4,0,0,1,4596.0,3478.0,3012.0,0,0,4037.0,3695.3333333333335,0.32144910868315124,0.32144910868315124,0.9912967798085291,3,8.433159195806228,4809.0,4596.0
103,Khan-I-Khana,Delhi,2024-25,5,0,0,1,4809.0,4596.0,3478.0,0,0,4702.5,4294.333333333333,0.04634464751958225,0.04634464751958225,0.9943855271366189,3,8.478452363099807,4556.0,4809.0
94,"Kolaba Fort, Alibag",Mumbai,2020-21,1,1,0,0,112517.0,112517.0,112517.0,1,1,112517.0,112517.0,0.0,0.0,0.999004594861221,1,11.630868487827977,50433.0,112517.0
94,"Kolaba Fort, Alibag",Mumbai,2021-22,2,0,1,0,50433.0,112517.0,112517.0,0,1,81475.0,81475.0,-0.5517743985353324,-0.5517743985353324,0.9997620605555886,2,10.828420829791625,33092.0,50433.0
94,"Kolaba Fort, Alibag",Mumbai,2022-23,3,0,0,1,33092.0,50433.0,112517.0,0,0,41762.5,65347.333333333336,-0.3438423254615034,-0.3438423254615034,0.9994258431040735,3,10.40707705863749,43304.0,33092.0
94,"Kolaba Fort, Alibag",Mumbai,2023-24,4,0,0,1,43304.0,33092.0,50433.0,0,0,38198.0,42276.333333333336,0.30859422216849997,0.30859422216849997,0.9970441529650841,3,10.676023380765145,85244.0,43304.0
94,"Kolaba Fort, Alibag",Mumbai,2024-25,5,0,0,1,85244.0,43304.0,33092.0,0,0,64274.0,53880.0,0.968501755034177,0.968501755034177,0.9981699591760124,3,11.353284742399332,94903.0,85244.0
88,Shaniwarw ada,Mumbai,2020-21,1,1,0,0,1136577.0,1136577.0,1136577.0,1,1,1136577.0,1136577.0,0.0,0.0,0.9925170050071399,1,13.943532551683871,160634.0,1136577.0
88,Shaniwarw ada,Mumbai,2021-22,2,0,1,0,160634.0,1136577.0,1136577.0,0,1,648605.5,648605.5,-0.8586686163805883,-0.8586686163805883,0.9994583961054322,2,11.986889989503085,516926.0,160634.0
88,Shaniwarw ada,Mumbai,2022-23,3,0,0,1,516926.0,160634.0,1136577.0,0,0,338780.0,604712.3333333334,2.218036032222319,2.218036032222319,0.9990753028479898,3,13.155656944294712,1084640.0,516926.0
88,Shaniwarw ada,Mumbai,2023-24,4,0,0,1,1084640.0,516926.0,160634.0,0,0,800783.0,587400.0,1.0982500396575139,1.0982500396575139,0.9954832939961646,3,13.896759614629259,1267334.0,1084640.0
88,Shaniwarw ada,Mumbai,2024-25,5,0,0,1,1267334.0,1084640.0,516926.0,0,0,1175987.0,956300.0,0.1684374539017554,0.1684374539017554,0.9948379827259428,3,14.052426828458854,1134217.0,1267334.0
69,"Buddhisht Caves, Junagadh",Rajkot,2020-21,1,1,0,0,19551.0,19551.0,19551.0,1,1,19551.0,19551.0,0.0,0.0,0.9592859700271086,1,9.880832861971323,58.0,19551.0
69,"Buddhisht Caves, Junagadh",Rajkot,2021-22,2,0,1,0,58.0,19551.0,19551.0,0,1,9804.5,9804.5,-0.9970333998260958,-0.9970333998260958,1.0,2,4.07753744390572,0.0,58.0
69,"Buddhisht Caves, Junagadh",Rajkot,2022-23,3,0,0,1,0.0,58.0,19551.0,0,0,29.0,6536.333333333333,-1.0,-1.0,0.9962117835814244,3,0.0,0.0,0.0
69,"Buddhisht Caves, Junagadh",Rajkot,2023-24,4,0,0,1,0.0,0.0,58.0,0,0,0.0,19.333333333333332,0.0,0.0,0.9962117835814244,3,0.0,18506.0,0.0
69,"Buddhisht Caves, Junagadh",Rajkot,2024-25,5,0,0,1,18506.0,0.0,0.0,0,0,9253.0,6168.666666666667,0.0,18506.0,0.9910839727655896,3,9.825904317877749,42852.0,18506.0
45,"Buddhist Cave No.01 to 51, Dhamnar, Tehsil Garoth",Bhopal,2020-21,1,1,0,0,32582.0,32582.0,32582.0,1,1,32582.0,32582.0,0.0,0.0,0.9998772328279418,1,10.391545958948146,12316.0,32582.0
45,"Buddhist Cave No.01 to 51, Dhamnar, Tehsil Garoth",Bhopal,2021-22,2,0,1,0,12316.0,32582.0,32582.0,0,1,22449.0,22449.0,-0.6219998772328279,-0.6219998772328279,0.9989444624878208,2,9.418735700941484,24148.0,12316.0
45,"Buddhist Cave No.01 to 51, Dhamnar, Tehsil Garoth",Bhopal,2022-23,3,0,0,1,24148.0,12316.0,32582.0,0,0,18232.0,23015.333333333332,0.960701526469633,0.960701526469633,0.9973082656948815,3,10.091998250355894,31202.0,24148.0
45,"Buddhist Cave No.01 to 51, Dhamnar, Tehsil Garoth",Bhopal,2023-24,4,0,0,1,31202.0,24148.0,12316.0,0,0,27675.0,22555.333333333332,0.2921152890508531,0.2921152890508531,0.9979168002051151,3,10.348269523021242,33141.0,31202.0
45,"Buddhist Cave No.01 to 51, Dhamnar, Tehsil Garoth",Bhopal,2024-25,5,0,0,1,33141.0,31202.0,24148.0,0,0,32171.5,29497.0,0.06214345234279854,0.06214345234279854,0.9978274644699918,3,10.408556639189738,34938.0,33141.0
38,"Buddhist Caves Bagh, Mandu",Bhopal,2020-21,1,1,0,0,19962.0,19962.0,19962.0,1,1,19962.0,19962.0,0.0,0.0,0.9978960024045687,1,9.901635839172654,23692.0,19962.0
38,"Buddhist Caves Bagh, Mandu",Bhopal,2021-22,2,0,1,0,23692.0,19962.0,19962.0,0,1,21827.0,21827.0,0.1868550245466386,0.1868550245466386,1.0,2,10.072934924846477,27261.0,23692.0
38,"Buddhist Caves Bagh, Mandu",Bhopal,2022-23,3,0,0,1,27261.0,23692.0,19962.0,0,0,25476.5,23638.333333333332,0.15064156677359447,0.15064156677359447,0.9999633175598841,3,10.213249070130788,29062.0,27261.0
38,"Buddhist Caves Bagh, Mandu",Bhopal,2023-24,4,0,0,1,29062.0,27261.0,23692.0,0,0,28161.5,26671.666666666668,0.06606507464876564,0.06606507464876564,0.99979354483518,3,10.277221166482795,25395.0,29062.0
38,"Buddhist Caves Bagh, Mandu",Bhopal,2024-25,5,0,0,1,25395.0,29062.0,27261.0,0,0,27228.5,27239.333333333332,-0.12617851489918105,-0.12617851489918105,0.9989761764126797,3,10.142346960290341,25150.0,25395.0
42,"Roopmati’s Pavilion,",Bhopal,2020-21,1,1,0,0,394369.0,394369.0,394369.0,1,1,394369.0,394369.0,0.0,0.0,0.995222748238325,1,12.885044833908813,148771.0,394369.0
42,"Roopmati’s Pavilion,",Bhopal,2021-22,2,0,1,0,148771.0,394369.0,394369.0,0,1,271570.0,271570.0,-0.6227619310848469,-0.6227619310848469,0.9993883216487084,2,11.910170211631538,336286.0,148771.0
42,"Roopmati’s Pavilion,",Bhopal,2022-23,3,0,0,1,336286.0,148771.0,394369.0,0,0,242528.5,293142.0,1.2604270993674842,1.2604270993674842,0.9998364487370869,3,12.72572024101926,283441.0,336286.0
42,"Roopmati’s Pavilion,",Bhopal,2023-24,4,0,0,1,283441.0,336286.0,148771.0,0,0,309863.5,256166.0,-0.1571430270662472,-0.1571430270662472,0.9973080817524634,3,12.55476279568155,328769.0,283441.0
42,"Roopmati’s Pavilion,",Bhopal,2024-25,5,0,0,1,328769.0,283441.0,336286.0,0,0,306105.0,316165.3333333333,0.15992040671603613,0.15992040671603613,0.99686405956766,3,12.703113697125547,277440.0,328769.0
74,"Rudabai Step Well, Adalaj",Vadodara,2020-21,1,1,0,0,395949.0,395949.0,395949.0,1,1,395949.0,395949.0,0.0,0.0,0.9800302564219129,1,12.889043219638559,87044.0,395949.0
74,"Rudabai Step Well, Adalaj",Vadodara,2021-22,2,0,1,0,87044.0,395949.0,395949.0,0,1,241496.5,241496.5,-0.7801636069291752,-0.7801636069291752,0.9976563577041496,2,11.374180505292818,268229.0,87044.0
74,"Rudabai Step Well, Adalaj",Vadodara,2022-23,3,0,0,1,268229.0,87044.0,395949.0,0,0,177636.5,250407.33333333334,2.0815334773218144,2.0815334773218144,0.9980539017033953,3,12.499600100397473,374798.0,268229.0
74,"Rudabai Step Well, Adalaj",Vadodara,2023-24,4,0,0,1,374798.0,268229.0,87044.0,0,0,321513.5,243357.0,0.3973060332775352,0.3973060332775352,0.9870943815068384,3,12.834145161253197,386937.0,374798.0
74,"Rudabai Step Well, Adalaj",Vadodara,2024-25,5,0,0,1,386937.0,374798.0,268229.0,0,0,380867.5,343321.3333333333,0.03238811306357024,0.03238811306357024,0.9790922036403858,3,12.866019752459106,284911.0,386937.0
136,Ruined fort Kangra Fort),Shimla,2020-21,1,1,0,0,93064.0,93064.0,93064.0,1,1,93064.0,93064.0,0.0,0.0,0.9811097739190234,1,11.441053452732433,100706.0,93064.0
136,Ruined fort Kangra Fort),Shimla,2021-22,2,0,1,0,100706.0,93064.0,93064.0,0,1,96885.0,96885.0,0.08211553339637238,0.08211553339637238,0.9974976664746887,2,11.519970589696866,82245.0,100706.0
136,Ruined fort Kangra Fort),Shimla,2022-23,3,0,0,1,82245.0,100706.0,93064.0,0,0,91475.5,92005.0,-0.18331579051893632,-0.18331579051893632,0.9957322633594747,3,11.317470035226188,126116.0,82245.0
136,Ruined fort Kangra Fort),Shimla,2023-24,4,0,0,1,126116.0,82245.0,100706.0,0,0,104180.5,103022.33333333333,0.5334184448902669,0.5334184448902669,0.9902232864981446,3,11.744965326506437,140209.0,126116.0
136,Ruined fort Kangra Fort),Shimla,2024-25,5,0,0,1,140209.0,126116.0,82245.0,0,0,133162.5,116190.0,0.11174632877668178,0.11174632877668178,0.9823263841836116,3,11.850896577715178,130885.0,140209.0
87,"Buddhist Caves, Kanheri",Mumbai,2020-21,1,1,0,0,413914.0,413914.0,413914.0,1,1,413914.0,413914.0,0.0,0.0,0.970752378513411,1,12.933415917717983,213.0,413914.0
87,"Buddhist Caves, Kanheri",Mumbai,2021-22,2,0,1,0,213.0,413914.0,413914.0,0,1,207063.5,207063.5,-0.9994854003488648,-0.9994854003488648,1.0,2,5.365976015021851,87758.0,213.0
87,"Buddhist Caves, Kanheri",Mumbai,2022-23,3,0,0,1,87758.0,213.0,413914.0,0,0,43985.5,167295.0,411.0093896713615,411.0093896713615,0.993436495818045,3,11.38234970017134,333313.0,87758.0
87,"Buddhist Caves, Kanheri",Mumbai,2023-24,4,0,0,1,333313.0,87758.0,213.0,0,0,210535.5,140428.0,2.7980924815971195,2.7980924815971195,0.9818098904033146,3,12.7168402676141,388172.0,333313.0
87,"Buddhist Caves, Kanheri",Mumbai,2024-25,5,0,0,1,388172.0,333313.0,87758.0,0,0,360742.5,269747.6666666667,0.16458703980942838,0.16458703980942838,0.9804957596117185,3,12.869206395520775,393461.0,388172.0
43,"Buddhist Monuments, Sanchi",Bhopal,2020-21,1,1,0,0,254692.0,254692.0,254692.0,1,1,254692.0,254692.0,0.0,0.0,0.9843497243729681,1,12.447814177276173,59020.0,254692.0
43,"Buddhist Monuments, Sanchi",Bhopal,2021-22,2,0,1,0,59020.0,254692.0,254692.0,0,1,156856.0,156856.0,-0.7682691250608579,-0.7682691250608579,0.9993053202304304,2,10.985648591762406,118379.0,59020.0
43,"Buddhist Monuments, Sanchi",Bhopal,2022-23,3,0,0,1,118379.0,59020.0,254692.0,0,0,88699.5,144030.33333333334,1.00574381565571,1.00574381565571,0.9985554870373968,3,11.681655068244716,269985.0,118379.0
43,"Buddhist Monuments, Sanchi",Bhopal,2023-24,4,0,0,1,269985.0,118379.0,59020.0,0,0,194182.0,149128.0,1.2806832292889787,1.2806832292889787,0.9871955849399041,3,12.506125384784307,311760.0,269985.0
43,"Buddhist Monuments, Sanchi",Bhopal,2024-25,5,0,0,1,311760.0,269985.0,118379.0,0,0,290872.5,233374.66666666666,0.15473081837879882,0.15473081837879882,0.9624967924044137,3,12.649992147603033,315532.0,311760.0
33,"Rock Cut Jain Temple, Sittanavasal",Thiruchirapalli,2020-21,1,1,0,0,32064.0,32064.0,32064.0,1,1,32064.0,32064.0,0.0,0.0,0.9941367265469062,1,10.375520371582963,42026.0,32064.0
33,"Rock Cut Jain Temple, Sittanavasal",Thiruchirapalli,2021-22,2,0,1,0,42026.0,32064.0,32064.0,0,1,37045.0,37045.0,0.31069111776447106,0.31069111776447106,0.9944082234807025,2,10.646067547864224,44457.0,42026.0
33,"Rock Cut Jain Temple, Sittanavasal",Thiruchirapalli,2022-23,3,0,0,1,44457.0,42026.0,32064.0,0,0,43241.5,39515.666666666664,0.057845143482606005,0.057845143482606005,0.9988978113682885,3,10.702300202250855,56541.0,44457.0
33,"Rock Cut Jain Temple, Sittanavasal",Thiruchirapalli,2023-24,4,0,0,1,56541.0,44457.0,42026.0,0,0,50499.0,47674.666666666664,0.27181321276739323,0.27181321276739323,0.9979483914327656,3,10.94273900380909,54813.0,56541.0
33,"Rock Cut Jain Temple, Sittanavasal",Thiruchirapalli,2024-25,5,0,0,1,54813.0,56541.0,44457.0,0,0,55677.0,51937.0,-0.030561893139491696,-0.030561893139491696,0.9958039151296225,3,10.91170091476062,44711.0,54813.0
137,"Rock-cut Temples and Sculptures, Masrur",Shimla,2020-21,1,1,0,0,75148.0,75148.0,75148.0,1,1,75148.0,75148.0,0.0,0.0,0.977258210464683,1,11.227228088372692,53332.0,75148.0
137,"Rock-cut Temples and Sculptures, Masrur",Shimla,2021-22,2,0,1,0,53332.0,75148.0,75148.0,0,1,64240.0,64240.0,-0.2903071272688561,-0.2903071272688561,0.9960811520288008,2,10.884310555528323,41043.0,53332.0
137,"Rock-cut Temples and Sculptures, Masrur",Shimla,2022-23,3,0,0,1,41043.0,53332.0,75148.0,0,0,47187.5,56507.666666666664,-0.2304245106127653,-0.2304245106127653,0.9933728041322515,3,10.622399940982099,52395.0,41043.0
137,"Rock-cut Temples and Sculptures, Masrur",Shimla,2023-24,4,0,0,1,52395.0,41043.0,53332.0,0,0,46719.0,48923.333333333336,0.27658796871573715,0.27658796871573715,0.9801507777459681,3,10.86658553151754,55037.0,52395.0
137,"Rock-cut Temples and Sculptures, Masrur",Shimla,2024-25,5,0,0,1,55037.0,52395.0,41043.0,0,0,53716.0,49491.666666666664,0.05042465884149251,0.05042465884149251,0.9527045442157094,3,10.915779134737711,42965.0,55037.0
118,"Group of Four Maidams Charaideo, Sibsagar",Guwahati,2020-21,1,1,0,0,23252.0,23252.0,23252.0,1,1,23252.0,23252.0,0.0,0.0,0.9939360055049028,1,10.05418943494962,19938.0,23252.0
118,"Group of Four Maidams Charaideo, Sibsagar",Guwahati,2021-22,2,0,1,0,19938.0,23252.0,23252.0,0,1,21595.0,21595.0,-0.14252537416136246,-0.14252537416136246,0.9963888052964189,2,9.900432891806899,34861.0,19938.0
118,"Group of Four Maidams Charaideo, Sibsagar",Guwahati,2022-23,3,0,0,1,34861.0,19938.0,23252.0,0,0,27399.5,26017.0,0.7484702577991774,0.7484702577991774,0.9985083617796391,3,10.459152689774811,93814.0,34861.0
118,"Group of Four Maidams Charaideo, Sibsagar",Guwahati,2023-24,4,0,0,1,93814.0,34861.0,19938.0,0,0,64337.5,49537.666666666664,1.6910874616333438,1.6910874616333438,0.9997228558637303,3,11.449080036921474,48073.0,93814.0
118,"Group of Four Maidams Charaideo, Sibsagar",Guwahati,2024-25,5,0,0,1,48073.0,93814.0,34861.0,0,0,70943.5,58916.0,-0.4875711514272923,-0.4875711514272923,0.9982110540220082,3,10.780496769408607,76998.0,48073.0
54,"Group of Monuments (WH), Pattadakal",Dharwad,2020-21,1,1,0,0,266454.0,266454.0,266454.0,1,1,266454.0,266454.0,0.0,0.0,0.9838246001185946,1,12.492960652795626,123171.0,266454.0
54,"Group of Monuments (WH), Pattadakal",Dharwad,2021-22,2,0,1,0,123171.0,266454.0,266454.0,0,1,194812.5,194812.5,-0.5377400977279381,-0.5377400977279381,0.9995047535540021,2,11.721337031523923,157713.0,123171.0
54,"Group of Monuments (WH), Pattadakal",Dharwad,2022-23,3,0,0,1,157713.0,123171.0,266454.0,0,0,140442.0,182446.0,0.2804393891419246,0.2804393891419246,0.9994990901193941,3,11.96853854516802,309167.0,157713.0
54,"Group of Monuments (WH), Pattadakal",Dharwad,2023-24,4,0,0,1,309167.0,157713.0,123171.0,0,0,233440.0,196683.66666666666,0.9603139880669317,0.9603139880669317,0.9923698195473644,3,12.641640097454781,347382.0,309167.0
54,"Group of Monuments (WH), Pattadakal",Dharwad,2024-25,5,0,0,1,347382.0,309167.0,157713.0,0,0,328274.5,271420.6666666667,0.1236063357344089,0.1236063357344089,0.989458290872872,3,12.75818319664648,324615.0,347382.0
112,Kotla Firoz Shah,Delhi,2020-21,1,1,0,0,90207.0,90207.0,90207.0,1,1,90207.0,90207.0,0.0,0.0,0.9910206524992518,1,11.40987339391384,27869.0,90207.0
112,Kotla Firoz Shah,Delhi,2021-22,2,0,1,0,27869.0,90207.0,90207.0,0,1,59038.0,59038.0,-0.691055017903267,-0.691055017903267,0.9961964907244609,2,10.235306120475993,54251.0,27869.0
112,Kotla Firoz Shah,Delhi,2022-23,3,0,0,1,54251.0,27869.0,90207.0,0,0,41060.0,57442.333333333336,0.9466432236535218,0.9466432236535218,0.9980461189655491,3,10.901395137082606,119701.0,54251.0
112,Kotla Firoz Shah,Delhi,2023-24,4,0,0,1,119701.0,54251.0,27869.0,0,0,86976.0,67273.66666666667,1.2064293745737407,1.2064293745737407,0.9945865113908823,3,11.692760599844242,126656.0,119701.0
112,Kotla Firoz Shah,Delhi,2024-25,5,0,0,1,126656.0,119701.0,54251.0,0,0,123178.5,100202.66666666667,0.05810310690804588,0.05810310690804588,0.9927204396159677,3,11.749237924332787,106733.0,126656.0
127,Kumbhalgarh Fort,Jodhpur,2020-21,1,1,0,0,506484.0,506484.0,506484.0,1,1,506484.0,506484.0,0.0,0.0,0.9778709692705001,1,13.135249987227406,203258.0,506484.0
127,Kumbhalgarh Fort,Jodhpur,2021-22,2,0,1,0,203258.0,506484.0,506484.0,0,1,354871.0,354871.0,-0.5986882112761707,-0.5986882112761707,0.9989766700449675,2,12.222236306872512,324964.0,203258.0
127,Kumbhalgarh Fort,Jodhpur,2022-23,3,0,0,1,324964.0,203258.0,506484.0,0,0,264111.0,344902.0,0.5987759399384034,0.5987759399384034,0.9992091431666277,3,12.691472763204949,394384.0,324964.0
127,Kumbhalgarh Fort,Jodhpur,2023-24,4,0,0,1,394384.0,324964.0,203258.0,0,0,359674.0,307535.3333333333,0.21362366292881674,0.21362366292881674,0.9879330804495111,3,12.885082868533004,350573.0,394384.0
127,Kumbhalgarh Fort,Jodhpur,2024-25,5,0,0,1,350573.0,394384.0,324964.0,0,0,372478.5,356640.3333333333,-0.11108716377946368,-0.11108716377946368,0.9789202248889675,3,12.767327090134104,388122.0,350573.0
145,"Buddhist Remains, on hill top at Guntupalli W.G. District",Amaravati,2020-21,1,1,0,0,22438.0,22438.0,22438.0,1,1,22438.0,22438.0,0.0,0.0,0.9962117835814244,1,10.018555795363802,10229.0,22438.0
145,"Buddhist Remains, on hill top at Guntupalli W.G. District",Amaravati,2021-22,2,0,1,0,10229.0,22438.0,22438.0,0,1,16333.5,16333.5,-0.5441215794634103,-0.5441215794634103,0.9990223873301398,2,9.233079858945672,14156.0,10229.0
145,"Buddhist Remains, on hill top at Guntupalli W.G. District",Amaravati,2022-23,3,0,0,1,14156.0,10229.0,22438.0,0,0,12192.5,15607.666666666666,0.3839084954541011,0.3839084954541011,0.9984458886691155,3,9.557964480394498,21669.0,14156.0
145,"Buddhist Remains, on hill top at Guntupalli W.G. District",Amaravati,2023-24,4,0,0,1,21669.0,14156.0,10229.0,0,0,17912.5,15351.333333333334,0.5307290194970331,0.5307290194970331,0.9969541741658591,3,9.983684094530405,16661.0,21669.0
145,"Buddhist Remains, on hill top at Guntupalli W.G. District",Amaravati,2024-25,5,0,0,1,16661.0,21669.0,14156.0,0,0,19165.0,17495.333333333332,-0.23111357238451244,-0.23111357238451244,0.9978992857571575,3,9.720885956534854,13801.0,16661.0
92,"Cave, Temple & Inscriptions, Bhaja",Mumbai,2020-21,1,1,0,0,82191.0,82191.0,82191.0,1,1,82191.0,82191.0,0.0,0.0,0.9772237836259444,1,11.31681325270705,11000.0,82191.0
92,"Cave, Temple & Inscriptions, Bhaja",Mumbai,2021-22,2,0,1,0,11000.0,82191.0,82191.0,0,1,46595.5,46595.5,-0.8661653952379215,-0.8661653952379215,0.9978181818181818,2,9.305741456739435,35871.0,11000.0
92,"Cave, Temple & Inscriptions, Bhaja",Mumbai,2022-23,3,0,0,1,35871.0,11000.0,82191.0,0,0,23435.5,43020.666666666664,2.261,2.261,0.997741908505478,3,10.487712325871886,89819.0,35871.0
92,"Cave, Temple & Inscriptions, Bhaja",Mumbai,2023-24,4,0,0,1,89819.0,35871.0,11000.0,0,0,62845.0,45563.333333333336,1.5039446906972207,1.5039446906972207,0.9942439795588907,3,11.405562946641728,63079.0,89819.0
92,"Cave, Temple & Inscriptions, Bhaja",Mumbai,2024-25,5,0,0,1,63079.0,89819.0,35871.0,0,0,76449.0,62923.0,-0.2977098386755586,-0.2977098386755586,0.9934526546077141,3,11.052159041076974,55837.0,63079.0
90,"Cave, Temple and Inscriptions, Junnar",Mumbai,2020-21,1,1,0,0,355051.0,355051.0,355051.0,1,1,355051.0,355051.0,0.0,0.0,0.9997042678375783,1,12.78001953660381,73905.0,355051.0
90,"Cave, Temple and Inscriptions, Junnar",Mumbai,2021-22,2,0,1,0,73905.0,355051.0,355051.0,0,1,214478.0,214478.0,-0.791846805106872,-0.791846805106872,0.9999188146945402,2,11.210549294438875,173163.0,73905.0
90,"Cave, Temple and Inscriptions, Junnar",Mumbai,2022-23,3,0,0,1,173163.0,73905.0,355051.0,0,0,123534.0,200706.33333333334,1.343048508220012,1.343048508220012,0.9998845018855067,3,12.061994401312216,404470.0,173163.0
90,"Cave, Temple and Inscriptions, Junnar",Mumbai,2023-24,4,0,0,1,404470.0,173163.0,73905.0,0,0,288816.5,217179.33333333334,1.3357761184548662,1.3357761184548662,0.9990333028407545,3,12.910335319461883,480710.0,404470.0
90,"Cave, Temple and Inscriptions, Junnar",Mumbai,2024-25,5,0,0,1,480710.0,404470.0,173163.0,0,0,442590.0,352781.0,0.18849358419660298,0.18849358419660298,0.998244263693287,3,13.083021536915428,373583.0,480710.0
106,Red Fort,Delhi,2020-21,1,1,0,0,2291408.0,2291408.0,2291408.0,1,1,2291408.0,2291408.0,0.0,0.0,0.9601275722176059,1,14.644677470163721,188818.0,2291408.0
106,Red Fort,Delhi,2021-22,2,0,1,0,188818.0,2291408.0,2291408.0,0,1,1240113.0,1240113.0,-0.9175973899017548,-0.9175973899017548,0.9923842006588355,2,12.148544163223336,1329080.0,188818.0
106,Red Fort,Delhi,2022-23,3,0,0,1,1329080.0,188818.0,2291408.0,0,0,758949.0,1269768.6666666667,6.038947557965872,6.038947557965872,0.9958023595268908,3,14.099998283919387,2263718.0,1329080.0
106,Red Fort,Delhi,2023-24,4,0,0,1,2263718.0,1329080.0,188818.0,0,0,1796399.0,1260538.6666666667,0.7032217774701297,0.7032217774701297,0.9783276892263082,3,14.632519593994333,2878260.0,2263718.0
106,Red Fort,Delhi,2024-25,5,0,0,1,2878260.0,2263718.0,1329080.0,0,0,2570989.0,2157019.3333333335,0.27147462713995296,0.27147462713995296,0.9707542056659232,3,14.872696850295306,2963710.0,2878260.0
130,Remains of Patliputra Site of Mauryan Place Kumrahar,Patna,2021-22,2,0,1,0,25834.0,110169.0,110169.0,0,1,68001.5,68001.5,-0.7655057230255335,-0.7655057230255335,1.0,2,10.159485440721285,81024.0,25834.0
130,Remains of Patliputra Site of Mauryan Place Kumrahar,Patna,2022-23,3,0,0,1,81024.0,25834.0,110169.0,0,0,53429.0,72342.33333333333,2.1363319656266935,2.1363319656266935,0.9998642377567141,3,11.302513028009749,111163.0,81024.0
130,Remains of Patliputra Site of Mauryan Place Kumrahar,Patna,2023-24,4,0,0,1,111163.0,81024.0,25834.0,0,0,96093.5,72673.66666666667,0.3719762045813586,0.3719762045813586,0.9983987477847845,3,11.618761867375992,126892.0,111163.0
130,Remains of Patliputra Site of Mauryan Place Kumrahar,Patna,2024-25,5,0,0,1,126892.0,111163.0,81024.0,0,0,119027.5,106359.66666666667,0.14149492187148602,0.14149492187148602,0.9895816915171958,3,11.751099490636502,131634.0,126892.0
24,Mattancherry Palace Museum Kochi,Thrissur,2020-21,1,1,0,0,379820.0,379820.0,379820.0,1,1,379820.0,379820.0,0.0,0.0,0.7910720867779475,1,12.847455368090845,23203.0,379820.0
24,Mattancherry Palace Museum Kochi,Thrissur,2021-22,2,0,1,0,23203.0,379820.0,379820.0,0,1,201511.5,201511.5,-0.9389105365699542,-0.9389105365699542,0.9923716760763694,2,10.052079956585954,66184.0,23203.0
24,Mattancherry Palace Museum Kochi,Thrissur,2022-23,3,0,0,1,66184.0,23203.0,379820.0,0,0,44693.5,156402.33333333334,1.8523897771839848,1.8523897771839848,0.9831076997461622,3,11.10020913014787,309953.0,66184.0
100,"Ancient Buddhist Remains, comprising monstery stupa rock sculptures inscriptions etc mansar",Nagpur,2020-21,1,1,0,0,1661.0,1661.0,1661.0,1,1,1661.0,1661.0,0.0,0.0,0.9608669476219145,1,7.415776975415394,8.0,1661.0
100,"Ancient Buddhist Remains, comprising monstery stupa rock sculptures inscriptions etc mansar",Nagpur,2023-24,4,0,0,1,3718.0,3718.0,8.0,1,0,1863.0,1863.0,0.0,0.0,0.9911242603550295,2,8.22121009392507,4029.0,3718.0
100,"Ancient Buddhist Remains, comprising monstery stupa rock sculptures inscriptions etc mansar",Nagpur,2024-25,5,0,0,1,4029.0,3718.0,3718.0,0,1,3873.5,3873.5,0.08364712210866057,0.08364712210866057,0.9682303301067262,2,8.301521654940728,3644.0,4029.0
22,Ancient Buddhist Site know as Chaukhandi stupa,Sarnath,2020-21,1,1,0,0,60330.0,60330.0,60330.0,1,1,60330.0,60330.0,0.0,0.0,0.9140394496933533,1,11.007601346798845,15002.0,60330.0
22,Ancient Buddhist Site know as Chaukhandi stupa,Sarnath,2024-25,5,0,0,1,53311.0,53311.0,53311.0,1,1,53311.0,53311.0,0.0,0.0,0.8909043161824014,1,10.883916725526515,41774.0,53311.0
129,Ancient Palace Leh,Leh,2020-21,1,1,0,0,62310.0,62310.0,62310.0,1,1,62310.0,62310.0,0.0,0.0,0.9089873214572299,1,11.039893254197803,2053.0,62310.0
129,Ancient Palace Leh,Leh,2021-22,2,0,1,0,2053.0,62310.0,62310.0,0,1,32181.5,32181.5,-0.9670518375862622,-0.9670518375862622,0.9970774476376035,2,7.627544390488503,52578.0,2053.0
129,Ancient Palace Leh,Leh,2022-23,3,0,0,1,52578.0,2053.0,62310.0,0,0,27315.5,38980.333333333336,24.610326351680467,24.610326351680467,0.996652592339001,3,10.87007207946475,62662.0,52578.0
129,Ancient Palace Leh,Leh,2023-24,4,0,0,1,62662.0,52578.0,2053.0,0,0,57620.0,39097.666666666664,0.19179124348586862,0.19179124348586862,0.9583479620822827,3,11.045526440793864,95021.0,62662.0
129,Ancient Palace Leh,Leh,2024-25,5,0,0,1,95021.0,62662.0,52578.0,0,0,78841.5,70087.0,0.5164054770036066,0.5164054770036066,0.9166079077256607,3,11.46186372271978,93937.0,95021.0
34,"Tirumalai Nayak's Palace, Srivilliputhur",Thiruchirapalli,2020-21,1,1,0,0,30506.0,30506.0,30506.0,1,1,30506.0,30506.0,0.0,0.0,0.9849209991477087,1,10.325711444459246,220.0,30506.0
34,"Tirumalai Nayak's Palace, Srivilliputhur",Thiruchirapalli,2021-22,2,0,1,0,220.0,30506.0,30506.0,0,1,15363.0,15363.0,-0.9927883039402084,-0.9927883039402084,0.9863636363636363,2,5.3981627015177525,530.0,220.0
34,"Tirumalai Nayak's Palace, Srivilliputhur",Thiruchirapalli,2022-23,3,0,0,1,530.0,220.0,30506.0,0,0,375.0,10418.666666666666,1.4090909090909092,1.4090909090909092,1.0,3,6.274762021241939,856.0,530.0
34,"Tirumalai Nayak's Palace, Srivilliputhur",Thiruchirapalli,2023-24,4,0,0,1,856.0,530.0,220.0,0,0,693.0,535.3333333333334,0.6150943396226415,0.6150943396226415,1.0,3,6.75343791859778,914.0,856.0
34,"Tirumalai Nayak's Palace, Srivilliputhur",Thiruchirapalli,2024-25,5,0,0,1,914.0,856.0,530.0,0,0,885.0,766.6666666666666,0.06775700934579439,0.06775700934579439,0.9967177242888403,3,6.818924065275521,927.0,914.0
21,Tomb of Lal Khan,Sarnath,2020-21,1,1,0,0,6828.0,6828.0,6828.0,1,1,6828.0,6828.0,0.0,0.0,0.9986818980667839,1,8.82893352896109,1974.0,6828.0
21,Tomb of Lal Khan,Sarnath,2021-22,2,0,1,0,1974.0,6828.0,6828.0,0,1,4401.0,4401.0,-0.710896309314587,-0.710896309314587,0.9989868287740629,2,7.5883236773352225,2519.0,1974.0
21,Tomb of Lal Khan,Sarnath,2022-23,3,0,0,1,2519.0,1974.0,6828.0,0,0,2246.5,3773.6666666666665,0.27608915906788245,0.27608915906788245,0.9984120682810639,3,7.832014180505469,4836.0,2519.0
21,Tomb of Lal Khan,Sarnath,2023-24,4,0,0,1,4836.0,2519.0,1974.0,0,0,3677.5,3109.6666666666665,0.9198094481937277,0.9198094481937277,0.9933829611248967,3,8.484049972822984,4500.0,4836.0
21,Tomb of Lal Khan,Sarnath,2024-25,5,0,0,1,4500.0,4836.0,2519.0,0,0,4668.0,3951.6666666666665,-0.06947890818858561,-0.06947890818858561,0.9955555555555555,3,8.412054873292933,5957.0,4500.0
65,Hazarduari Palace,Raiganj,2020-21,1,1,0,0,675836.0,675836.0,675836.0,1,1,675836.0,675836.0,0.0,0.0,0.9974505649299534,1,13.423707201689618,362195.0,675836.0
65,Hazarduari Palace,Raiganj,2021-22,2,0,1,0,362195.0,675836.0,675836.0,0,1,519015.5,519015.5,-0.4640785634384673,-0.4640785634384673,0.9982081475448308,2,12.79994078074816,357294.0,362195.0
65,Hazarduari Palace,Raiganj,2022-23,3,0,0,1,357294.0,362195.0,675836.0,0,0,359744.5,465108.3333333333,-0.013531385027402367,-0.013531385027402367,0.9995325978046091,3,12.786317050070878,911484.0,357294.0
65,Hazarduari Palace,Raiganj,2023-24,4,0,0,1,911484.0,357294.0,362195.0,0,0,634389.0,543657.6666666666,1.5510755848125073,1.5510755848125073,0.9987405154670844,3,13.722830416574881,984479.0,911484.0
65,Hazarduari Palace,Raiganj,2024-25,5,0,0,1,984479.0,911484.0,357294.0,0,0,947981.5,751085.6666666666,0.08008368770049722,0.08008368770049722,0.9985230766730423,3,13.799868861974318,908899.0,984479.0
40,"Hoshang Shah’s Tomb,",Bhopal,2020-21,1,1,0,0,132111.0,132111.0,132111.0,1,1,132111.0,132111.0,0.0,0.0,0.9847325355193739,1,11.791405326657209,57808.0,132111.0
40,"Hoshang Shah’s Tomb,",Bhopal,2021-22,2,0,1,0,57808.0,132111.0,132111.0,0,1,94959.5,94959.5,-0.562428563859179,-0.562428563859179,0.9993253528923333,2,10.964899751881587,113239.0,57808.0
40,"Hoshang Shah’s Tomb,",Bhopal,2022-23,3,0,0,1,113239.0,57808.0,132111.0,0,0,85523.5,101052.66666666667,0.9588811237199003,0.9588811237199003,0.9990550958592005,3,11.637264739225836,93743.0,113239.0
40,"Hoshang Shah’s Tomb,",Bhopal,2023-24,4,0,0,1,93743.0,113239.0,57808.0,0,0,103491.0,88263.33333333333,-0.17216683298156996,-0.17216683298156996,0.9924794384647387,3,11.44832294178457,97724.0,93743.0
40,"Hoshang Shah’s Tomb,",Bhopal,2024-25,5,0,0,1,97724.0,93743.0,113239.0,0,0,95733.5,101568.66666666667,0.04246717088209253,0.04246717088209253,0.9879661086324751,3,11.489912690661155,81703.0,97724.0
107,Humayuns Tomb,Delhi,2020-21,1,1,0,0,860606.0,860606.0,860606.0,1,1,860606.0,860606.0,0.0,0.0,0.7649470257004948,1,13.665393233213655,246217.0,860606.0
107,Humayuns Tomb,Delhi,2021-22,2,0,1,0,246217.0,860606.0,860606.0,0,1,553411.5,553411.5,-0.713902761542448,-0.713902761542448,0.9903296685444141,2,12.413972601351622,397270.0,246217.0
107,Humayuns Tomb,Delhi,2022-23,3,0,0,1,397270.0,246217.0,860606.0,0,0,321743.5,501364.3333333333,0.6134954125832092,0.6134954125832092,0.9876859566541647,3,12.892373946437864,1262496.0,397270.0
107,Humayuns Tomb,Delhi,2023-24,4,0,0,1,1262496.0,397270.0,246217.0,0,0,829883.0,635327.6666666666,2.1779293679361644,2.1779293679361644,0.9206841051377589,3,14.048602063891204,1003644.0,1262496.0
107,Humayuns Tomb,Delhi,2024-25,5,0,0,1,1003644.0,1262496.0,397270.0,0,0,1133070.0,887803.3333333334,-0.20503193673484907,-0.20503193673484907,0.8835204514748257,3,13.819148931050293,1163649.0,1003644.0
105,Tughlaqabad Fort,Delhi,2020-21,1,1,0,0,77043.0,77043.0,77043.0,1,1,77043.0,77043.0,0.0,0.0,0.9882143737912594,1,11.252131966204113,12965.0,77043.0
105,Tughlaqabad Fort,Delhi,2021-22,2,0,1,0,12965.0,77043.0,77043.0,0,1,45004.0,45004.0,-0.831717352647223,-0.831717352647223,0.9915927497107597,2,9.470085825734941,21057.0,12965.0
105,Tughlaqabad Fort,Delhi,2022-23,3,0,0,1,21057.0,12965.0,77043.0,0,0,17011.0,37021.666666666664,0.6241419205553413,0.6241419205553413,0.9937313007550933,3,9.955035814416705,128175.0,21057.0
105,Tughlaqabad Fort,Delhi,2023-24,4,0,0,1,128175.0,21057.0,12965.0,0,0,74616.0,54065.666666666664,5.087049437241772,5.087049437241772,0.9951706651063,3,11.761159598454897,32565.0,128175.0
105,Tughlaqabad Fort,Delhi,2024-25,5,0,0,1,32565.0,128175.0,21057.0,0,0,80370.0,60599.0,-0.7459332943241662,-0.7459332943241662,0.9902963304160909,3,10.391024078324165,28419.0,32565.0
142,Undavalli Caves,Amaravati,2020-21,1,1,0,0,109801.0,109801.0,109801.0,1,1,109801.0,109801.0,0.0,0.0,0.9955009517217511,1,11.606434022827925,53013.0,109801.0
142,Undavalli Caves,Amaravati,2021-22,2,0,1,0,53013.0,109801.0,109801.0,0,1,81407.0,81407.0,-0.5171901895246855,-0.5171901895246855,0.9983211665063286,2,10.878311308595936,77173.0,53013.0
142,Undavalli Caves,Amaravati,2022-23,3,0,0,1,77173.0,53013.0,109801.0,0,0,65093.0,79995.66666666667,0.4557372719898893,0.4557372719898893,0.9994816840086559,3,11.253817891722433,127956.0,77173.0
142,Undavalli Caves,Amaravati,2023-24,4,0,0,1,127956.0,77173.0,53013.0,0,0,102564.5,86047.33333333333,0.6580410247107149,0.6580410247107149,0.9971709024977335,3,11.759449548962111,137264.0,127956.0
142,Undavalli Caves,Amaravati,2024-25,5,0,0,1,137264.0,127956.0,77173.0,0,0,132610.0,114131.0,0.07274375566601018,0.07274375566601018,0.9970057699032522,3,11.829668643017587,146637.0,137264.0
53,"Jaina & Vaishnava Cave, Badami",Dharwad,2020-21,1,1,0,0,378809.0,378809.0,378809.0,1,1,378809.0,378809.0,0.0,0.0,0.9821598747653831,1,12.844790039100836,172426.0,378809.0
53,"Jaina & Vaishnava Cave, Badami",Dharwad,2021-22,2,0,1,0,172426.0,378809.0,378809.0,0,1,275617.5,275617.5,-0.5448207407954933,-0.5448207407954933,0.9990314685720251,2,12.05772923747827,234355.0,172426.0
53,"Jaina & Vaishnava Cave, Badami",Dharwad,2022-23,3,0,0,1,234355.0,172426.0,378809.0,0,0,203390.5,261863.33333333334,0.35916277127579366,0.35916277127579366,0.9991508608734612,3,12.364596605754066,430409.0,234355.0
53,"Jaina & Vaishnava Cave, Badami",Dharwad,2023-24,4,0,0,1,430409.0,234355.0,172426.0,0,0,332382.0,279063.3333333333,0.8365684538413944,0.8365684538413944,0.9924002518534696,3,12.972493521760546,481328.0,430409.0
53,"Jaina & Vaishnava Cave, Badami",Dharwad,2024-25,5,0,0,1,481328.0,430409.0,234355.0,0,0,455868.5,382030.6666666667,0.11830375294196915,0.11830375294196915,0.9894396336801515,3,13.08430630695619,444542.0,481328.0
2,Agra Fort,Agra,2020-21,1,1,0,0,2013676.0,2013676.0,2013676.0,1,1,2013676.0,2013676.0,0.0,0.0,0.8080515435452377,1,14.51547296204033,374052.0,2013676.0
2,Agra Fort,Agra,2021-22,2,0,1,0,374052.0,2013676.0,2013676.0,0,1,1193864.0,1193864.0,-0.8142441981728937,-0.8142441981728937,0.9924876755103569,2,12.832152777586527,1041060.0,374052.0
2,Agra Fort,Agra,2022-23,3,0,0,1,1041060.0,374052.0,2013676.0,0,0,707556.0,1142929.3333333333,1.7831959192839497,1.7831959192839497,0.9869383128734175,3,13.855750943382741,1861613.0,1041060.0
2,Agra Fort,Agra,2023-24,4,0,0,1,1861613.0,1041060.0,374052.0,0,0,1451336.5,1092241.6666666667,0.7881899218104624,0.7881899218104624,0.9251187008255743,3,14.43695441135449,1628541.0,1861613.0
2,Agra Fort,Agra,2024-25,5,0,0,1,1628541.0,1861613.0,1041060.0,0,0,1745077.0,1510404.6666666667,-0.12519895381048585,-0.12519895381048585,0.8660494270638566,3,14.303195693970704,1770474.0,1628541.0
114,Ahom Raja’s Palace,Guwahati,2020-21,1,1,0,0,44875.0,44875.0,44875.0,1,1,44875.0,44875.0,0.0,0.0,0.996100278551532,1,10.711658409664855,25512.0,44875.0
114,Ahom Raja’s Palace,Guwahati,2021-22,2,0,1,0,25512.0,44875.0,44875.0,0,1,35193.5,35193.5,-0.4314874651810585,-0.4314874651810585,0.9972953904045155,2,10.146943405162217,34669.0,25512.0
114,Ahom Raja’s Palace,Guwahati,2022-23,3,0,0,1,34669.0,25512.0,44875.0,0,0,30090.5,35018.666666666664,0.3589291313891502,0.3589291313891502,0.9991635178401453,3,10.45363003867907,133943.0,34669.0
114,Ahom Raja’s Palace,Guwahati,2023-24,4,0,0,1,133943.0,34669.0,25512.0,0,0,84306.0,64708.0,2.8634803426692432,2.8634803426692432,0.9988726547859911,3,11.80517708113638,107184.0,133943.0
114,Ahom Raja’s Palace,Guwahati,2024-25,5,0,0,1,107184.0,133943.0,34669.0,0,0,120563.5,91932.0,-0.19977901047460486,-0.19977901047460486,0.9985072398865502,3,11.582311592455236,123831.0,107184.0
80,Ajanta Caves,Aurangabad,2020-21,1,1,0,0,289243.0,289243.0,289243.0,1,1,289243.0,289243.0,0.0,0.0,0.9450323776202016,1,12.575025901539135,47636.0,289243.0
80,Ajanta Caves,Aurangabad,2021-22,2,0,1,0,47636.0,289243.0,289243.0,0,1,168439.5,168439.5,-0.8353080281977437,-0.8353080281977437,0.9982786128138382,2,10.771365049194207,139165.0,47636.0
80,Ajanta Caves,Aurangabad,2022-23,3,0,0,1,139165.0,47636.0,289243.0,0,0,93400.5,158681.33333333334,1.9214249727097152,1.9214249727097152,0.9952430568030755,3,11.843422744174301,411523.0,139165.0
80,Ajanta Caves,Aurangabad,2023-24,4,0,0,1,411523.0,139165.0,47636.0,0,0,275344.0,199441.33333333334,1.9570869112204936,1.9570869112204936,0.9746381125720798,3,12.927622620606305,471011.0,411523.0
80,Ajanta Caves,Aurangabad,2024-25,5,0,0,1,471011.0,411523.0,139165.0,0,0,441267.0,340566.3333333333,0.1445557113454169,0.1445557113454169,0.9600242881801062,3,13.06263885038101,462920.0,471011.0
119,Upper Fort Aguada,Goa,2020-21,1,1,0,0,846002.0,846002.0,846002.0,1,1,846002.0,846002.0,0.0,0.0,0.9904208264283063,1,13.648278184681363,380066.0,846002.0
119,Upper Fort Aguada,Goa,2021-22,2,0,1,0,380066.0,846002.0,846002.0,0,1,613034.0,613034.0,-0.5507504710390756,-0.5507504710390756,0.9991054185325706,2,12.848102831950241,66733.0,380066.0
119,Upper Fort Aguada,Goa,2022-23,3,0,0,1,66733.0,380066.0,846002.0,0,0,223399.5,430933.6666666667,-0.8244173380412876,-0.8244173380412876,0.9841607600437564,3,11.108469847155238,1023289.0,66733.0
119,Upper Fort Aguada,Goa,2023-24,4,0,0,1,1023289.0,66733.0,380066.0,0,0,545011.0,490029.3333333333,14.334077592795168,14.334077592795168,0.9918693546007042,3,13.838533484721811,1202240.0,1023289.0
119,Upper Fort Aguada,Goa,2024-25,5,0,0,1,1202240.0,1023289.0,66733.0,0,0,1112764.5,764087.3333333334,0.17487826019824312,0.17487826019824312,0.9913403313814213,3,13.99969787314807,1371815.0,1202240.0
122,Warangal Fort,Hyderabad,2020-21,1,1,0,0,92967.0,92967.0,92967.0,1,1,92967.0,92967.0,0.0,0.0,0.9970204481159981,1,11.44001062690271,64393.0,92967.0
122,Warangal Fort,Hyderabad,2021-22,2,0,1,0,64393.0,92967.0,92967.0,0,1,78680.0,78680.0,-0.3073563737670356,-0.3073563737670356,0.9991613995310049,2,11.072775740050202,86052.0,64393.0
122,Warangal Fort,Hyderabad,2022-23,3,0,0,1,86052.0,64393.0,92967.0,0,0,75222.5,81137.33333333333,0.3363564362585995,0.3363564362585995,0.9987681866778227,3,11.36271866448345,137474.0,86052.0
122,Warangal Fort,Hyderabad,2023-24,4,0,0,1,137474.0,86052.0,64393.0,0,0,111763.0,95973.0,0.5975689118207596,0.5975689118207596,0.9982614894452769,3,11.831197361376015,108509.0,137474.0
122,Warangal Fort,Hyderabad,2024-25,5,0,0,1,108509.0,137474.0,86052.0,0,0,122991.5,110678.33333333333,-0.21069438584750572,-0.21069438584750572,0.9977697702494724,3,11.594597613614253,106727.0,108509.0
50,"Western Group of Temples, Khajuraho",Bhopal,2020-21,1,1,0,0,286736.0,286736.0,286736.0,1,1,286736.0,286736.0,0.0,0.0,0.8544270688019642,1,12.566320698305686,128790.0,286736.0
50,"Western Group of Temples, Khajuraho",Bhopal,2021-22,2,0,1,0,128790.0,286736.0,286736.0,0,1,207763.0,207763.0,-0.5508411918977736,-0.5508411918977736,0.9978647410513238,2,11.765946214434567,244270.0,128790.0
50,"Western Group of Temples, Khajuraho",Bhopal,2022-23,3,0,0,1,244270.0,128790.0,286736.0,0,0,186530.0,219932.0,0.8966534668840749,0.8966534668840749,0.9967454046751545,3,12.406033543691265,434530.0,244270.0
50,"Western Group of Temples, Khajuraho",Bhopal,2023-24,4,0,0,1,434530.0,244270.0,128790.0,0,0,339400.0,269196.6666666667,0.7788922094403734,0.7788922094403734,0.9648562814995513,3,12.982022567517696,463599.0,434530.0
50,"Western Group of Temples, Khajuraho",Bhopal,2024-25,5,0,0,1,463599.0,434530.0,244270.0,0,0,449064.5,380799.6666666667,0.06689756748670977,0.06689756748670977,0.9415831354252274,3,13.046777390447733,561553.0,463599.0
